{"type":"FeatureCollection","id":"gci:01481A1968","metadata":{"type":["行政区境界"],"dc:title":"北海道増毛郡増毛町:フル解像度GeoJSON","dc:source":"N03-23_01_230101.shp","dc:issued":"2023-01-01","dc:subject":["N03","行政区域","政策区域","行政区境界"],"cc:license":"http://creativecommons.org/licenses/by-sa/4.0/","cc:useGuidelines":"http://nlftp.mlit.go.jp/ksj/gml/datalist/KsjTmplt-N03.html","cc:attributionText":"国土交通省「国土数値情報（行政区域データ）」をもとにNIIが加工","cc:attributionURL":"http://nlftp.mlit.go.jp/ksj/"},"features":[{"type":"Feature","properties":{"N03_001":"北海道","N03_002":"留萌振興局","N03_003":"増毛郡","N03_004":"増毛町","N03_007":"01481","id":"gci:01481A1968"},"geometry":{"type":"MultiPolygon","coordinates":[[[[141.41636058,43.81711247],[141.4163319,43.81709144],[141.41629366,43.81709565],[141.41629366,43.81712088],[141.41632234,43.81714612],[141.41636058,43.81717135],[141.41637014,43.81715032],[141.41637014,43.8171335],[141.41637014,43.81712929],[141.41636058,43.81711247]]],[[[141.41668564,43.81739845],[141.41667608,43.81739845],[141.41666652,43.81740266],[141.41665696,43.81740266],[141.41663784,43.81742789],[141.4166474,43.81745733],[141.41666652,43.81746995],[141.41668564,43.81747836],[141.41671432,43.81748257],[141.41673344,43.81746995],[141.41675256,43.81744051],[141.41673344,43.81741948],[141.41671432,43.81741107],[141.41668564,43.81739845]]],[[[141.41698201,43.81754565],[141.41697245,43.81753724],[141.41693421,43.81754144],[141.41691509,43.81755827],[141.41691509,43.81757088],[141.41694377,43.81760032],[141.41699157,43.81760873],[141.41701069,43.81759191],[141.41702025,43.81757088],[141.41698201,43.81754565]]],[[[141.41713498,43.81764238],[141.41711586,43.81763817],[141.41708718,43.81764238],[141.41708718,43.81766341],[141.41706806,43.81769285],[141.41709674,43.81772228],[141.41713498,43.8177307],[141.4171541,43.81771387],[141.4171541,43.81770126],[141.4171541,43.81765079],[141.41714454,43.81765079],[141.41713498,43.81764238]]],[[[141.41656135,43.81839518],[141.41653267,43.81838677],[141.41651355,43.81839518],[141.41650399,43.81839939],[141.41649443,43.818412],[141.41648487,43.81844985],[141.41649443,43.81847509],[141.41651355,43.8184835],[141.41654223,43.81847929],[141.41657091,43.81846668],[141.41657091,43.81843724],[141.41657091,43.81842462],[141.41657091,43.81840359],[141.41656135,43.81839518]]],[[[141.42225938,43.8204391],[141.4222307,43.82041387],[141.42221158,43.82041808],[141.42220202,43.82044751],[141.42220202,43.82048116],[141.42224026,43.82050219],[141.4222785,43.82046434],[141.42225938,43.8204391]]],[[[141.42207773,43.82067882],[141.42203949,43.82064938],[141.42199169,43.82065359],[141.42199169,43.82067462],[141.42202037,43.82072088],[141.42204905,43.82072929],[141.42207773,43.82071667],[141.42207773,43.82067882]]],[[[141.4226896,43.82070406],[141.42266092,43.82067462],[141.42263224,43.82067882],[141.42261312,43.82069144],[141.42260356,43.82072508],[141.42260356,43.82075873],[141.42263224,43.82077976],[141.42268004,43.82075873],[141.42269916,43.82072088],[141.4226896,43.82070406]]],[[[141.42248883,43.8208849],[141.42247927,43.82087649],[141.42245059,43.8208849],[141.42243147,43.82089331],[141.42242191,43.82092695],[141.42242191,43.8209606],[141.42245059,43.82098163],[141.42249839,43.8209606],[141.42250795,43.82092695],[141.42248883,43.8208849]]],[[[141.42420971,43.82167555],[141.42420015,43.82167134],[141.42416191,43.82167555],[141.42415235,43.82168817],[141.42413323,43.82171761],[141.42414279,43.82175546],[141.42417147,43.82177649],[141.42421927,43.82175546],[141.42421927,43.82171761],[141.42420971,43.82167555]]],[[[141.42668587,43.8218606],[141.42664763,43.8218606],[141.42662851,43.82187742],[141.42662851,43.82190265],[141.42664763,43.82192789],[141.42669543,43.8219405],[141.42672411,43.82191527],[141.42673367,43.82189845],[141.42672411,43.82186901],[141.42668587,43.8218606]]],[[[141.42820598,43.82316854],[141.42816774,43.82316433],[141.42813906,43.82317274],[141.42813906,43.82320639],[141.42815818,43.82323583],[141.42819642,43.82324424],[141.42821554,43.82323583],[141.42824423,43.82321901],[141.42824423,43.82320218],[141.4282251,43.82318536],[141.42820598,43.82316854]]],[[[141.42919071,43.82327368],[141.42916203,43.82324424],[141.42913335,43.82325265],[141.42909511,43.82326947],[141.42908555,43.8232905],[141.42908555,43.82332415],[141.42910467,43.82335779],[141.42916203,43.823362],[141.42919071,43.82331994],[141.42919071,43.82327368]]],[[[141.43083511,43.82482134],[141.43080643,43.82481293],[141.43075862,43.82480872],[141.43072038,43.82482975],[141.43070126,43.82485078],[141.4306439,43.82485919],[141.4305961,43.8248634],[141.43054829,43.82490125],[141.43052917,43.82492648],[141.43056742,43.82495171],[141.4305961,43.82496433],[141.43067258,43.82495592],[141.4307395,43.82492648],[141.43079687,43.82490545],[141.43083511,43.82488863],[141.43083511,43.8248634],[141.43083511,43.82484657],[141.43084467,43.82483396],[141.43083511,43.82482134]]],[[[141.43099764,43.82512414],[141.43103588,43.82511994],[141.43107412,43.82512414],[141.43109324,43.82512414],[141.43112192,43.82510732],[141.43113148,43.82508629],[141.43114104,43.82506947],[141.43114104,43.82504424],[141.43112192,43.82502742],[141.43109324,43.82500218],[141.43109324,43.82499798],[141.43107412,43.82498957],[141.43104544,43.82498957],[141.4310072,43.82498957],[141.43094983,43.82498957],[141.43093071,43.82499798],[141.43090203,43.82502742],[141.43087335,43.82506106],[141.43084467,43.82508209],[141.43084467,43.82510732],[141.43089247,43.82511153],[141.43093071,43.82511153],[141.43094983,43.82511994],[141.43099764,43.82512414]]],[[[141.43305313,43.82575498],[141.43302445,43.82574237],[141.43296709,43.82575078],[141.43290017,43.82577601],[141.43285236,43.82580966],[141.4328428,43.8258391],[141.43287148,43.82586012],[141.43295753,43.82585592],[141.43302445,43.82580125],[141.43305313,43.82575498]]],[[[141.43333039,43.82586433],[141.43329214,43.82585171],[141.43323478,43.82586854],[141.43321566,43.82593162],[141.43324434,43.82597368],[141.4332539,43.82598629],[141.43332083,43.82598629],[141.43333039,43.82597788],[141.43335907,43.82596106],[141.43340687,43.82592321],[141.43338775,43.82588115],[141.43333995,43.82586854],[141.43333039,43.82586433]]],[[[141.43267071,43.82594844],[141.43262291,43.82593583],[141.43258467,43.82594424],[141.43258467,43.82597788],[141.43260379,43.82600312],[141.43265159,43.82600732],[141.43267071,43.82599891],[141.43267071,43.82594844]]],[[[141.43562489,43.82647835],[141.43558665,43.82647414],[141.43555797,43.82647414],[141.43550061,43.82646573],[141.435405,43.82649096],[141.43536676,43.82650779],[141.4353572,43.82654143],[141.43536676,43.82656667],[141.43543369,43.82660452],[141.43549105,43.82660031],[141.43553885,43.82660031],[141.43558665,43.82660031],[141.43561533,43.82659611],[141.43564402,43.82656246],[141.43565358,43.82654143],[141.43565358,43.8265162],[141.43564402,43.82649096],[141.43562489,43.82647835]]],[[[141.43477401,43.82683162],[141.4348027,43.826819],[141.43483138,43.82679377],[141.43486962,43.82675592],[141.43486962,43.82672227],[141.4348505,43.82669704],[141.4348027,43.82668442],[141.43476445,43.82667601],[141.43471665,43.82668442],[141.43467841,43.82670125],[141.43465929,43.82673068],[141.43464017,43.82675592],[141.43461149,43.82679377],[141.43462105,43.8268148],[141.43465929,43.82682321],[141.43472621,43.82682321],[141.43477401,43.82683162]]],[[[141.43458281,43.82694938],[141.43454456,43.82693676],[141.43450632,43.82693676],[141.43445852,43.82694096],[141.43441072,43.82694517],[141.43433423,43.8269704],[141.43430555,43.82699143],[141.43429599,43.82702087],[141.43429599,43.82705452],[141.43431511,43.82708395],[141.43438204,43.82709237],[141.43444896,43.82708816],[141.43454456,43.82707134],[141.43458281,43.82703769],[141.43461149,43.82700825],[141.43462105,43.82697461],[141.43458281,43.82694938]]],[[[141.43894237,43.82756339],[141.43890413,43.82755498],[141.43886589,43.82755498],[141.43885633,43.82755078],[141.43882765,43.82756339],[141.43882765,43.82759704],[141.43886589,43.82761386],[141.43891369,43.82761807],[141.43895193,43.82759283],[141.43894237,43.82756339]]],[[[141.43846435,43.82763068],[141.43839743,43.82762648],[141.43838787,43.82766012],[141.43848347,43.82772321],[141.43855039,43.82774844],[141.43860776,43.82774003],[141.43862688,43.82772321],[141.43862688,43.82769797],[141.43861732,43.82769797],[141.43861732,43.82768956],[141.43861732,43.82766853],[141.43849303,43.82763489],[141.43846435,43.82763068]]],[[[141.442996,43.82833302],[141.4429482,43.8283204],[141.44292908,43.82836666],[141.44292908,43.8283961],[141.44295776,43.82841713],[141.44296732,43.82844236],[141.44305337,43.82846339],[141.44311073,43.82843816],[141.44311073,43.8283961],[141.442996,43.82833302]]],[[[141.44852195,43.83048629],[141.44850282,43.83048208],[141.44847414,43.83051152],[141.44844546,43.83051993],[141.44842634,43.83052414],[141.44839766,43.83053675],[141.44840722,43.83056619],[141.44840722,43.83058722],[141.44841678,43.83059563],[141.44846458,43.83059563],[141.44853151,43.83058722],[141.44860799,43.83056619],[141.44862711,43.83054937],[141.44862711,43.83053255],[141.44862711,43.83051152],[141.44860799,43.8304989],[141.44856975,43.83049049],[141.44855063,43.83048629],[141.44852195,43.83048629]]],[[[141.45098854,43.83145358],[141.4509503,43.83144516],[141.45092162,43.83144516],[141.45088338,43.83149143],[141.45084514,43.8315461],[141.45082601,43.83157133],[141.45083557,43.83159657],[141.45087382,43.83160918],[141.4509503,43.83160918],[141.45101722,43.83157133],[141.45101722,43.8315461],[141.45102678,43.83148722],[141.45098854,43.83145358]]],[[[141.45000382,43.83179843],[141.44997513,43.83179843],[141.44996557,43.83180264],[141.44994645,43.83181526],[141.44994645,43.83183208],[141.44996557,43.83186152],[141.44997513,43.83186993],[141.44997513,43.83187834],[141.45000382,43.83188675],[141.45002294,43.83189516],[141.45004206,43.83188255],[141.45005162,43.83186993],[141.45004206,43.83181946],[141.4500325,43.83180264],[141.45001338,43.83179843],[141.45000382,43.83179843]]],[[[141.45202107,43.83300544],[141.45193503,43.83298441],[141.45188722,43.83301385],[141.45190635,43.83305591],[141.45202107,43.83308535],[141.45208799,43.83308535],[141.45210711,43.8330517],[141.45202107,43.83300544]]],[[[141.46745164,43.83329563],[141.46739428,43.83328722],[141.46732736,43.83329563],[141.46732736,43.83333348],[141.46732736,43.83333769],[141.46734648,43.83337554],[141.46739428,43.83340918],[141.46744208,43.83339236],[141.46747076,43.83333769],[141.46747076,43.83333348],[141.46745164,43.83329563]]],[[[141.46829296,43.83340077],[141.46821648,43.83337554],[141.46813999,43.83338395],[141.46813999,43.83343021],[141.4681878,43.83345965],[141.4682834,43.83344703],[141.46829296,43.83340077]]],[[[141.4686945,43.83338395],[141.46863714,43.83337554],[141.46856065,43.83338815],[141.46856065,43.83343862],[141.46860846,43.83346806],[141.46871362,43.83344283],[141.4687423,43.83340918],[141.4686945,43.83338395]]],[[[141.46971747,43.83348909],[141.46966967,43.83347647],[141.46958362,43.83353114],[141.46962186,43.8335732],[141.46968879,43.8335774],[141.46971747,43.83353114],[141.46971747,43.83348909]]],[[[141.46789142,43.83349329],[141.46781494,43.83348068],[141.4677767,43.83352694],[141.46779582,43.8335732],[141.4678723,43.83360684],[141.46791054,43.83352273],[141.46789142,43.83349329]]],[[[141.46857021,43.83356479],[141.46851285,43.83354797],[141.46845549,43.83356058],[141.46844593,43.83359002],[141.46845549,43.83362367],[141.46852241,43.83363628],[141.46857021,43.83360684],[141.46857021,43.83356479]]],[[[141.46948802,43.83359843],[141.46944978,43.83356479],[141.46935417,43.83360264],[141.46933505,43.83363208],[141.46940197,43.83366152],[141.46948802,43.83365731],[141.46948802,43.83359843]]],[[[141.46924901,43.83368254],[141.4692012,43.83365311],[141.46912472,43.83370778],[141.46913428,43.83376666],[141.46919164,43.83375825],[141.46923945,43.83370778],[141.46924901,43.83368254]]],[[[141.45308228,43.83374983],[141.45304404,43.83374983],[141.45303448,43.83375825],[141.45302492,43.83378768],[141.45302492,43.83381292],[141.45304404,43.83382133],[141.45309184,43.83382553],[141.45312052,43.83380451],[141.45312052,43.83378348],[141.45311096,43.83377086],[141.4531014,43.83375404],[141.45308228,43.83374983]]],[[[141.46063504,43.83375404],[141.46057768,43.83373301],[141.46053943,43.83376666],[141.46052987,43.83380451],[141.46055856,43.83382974],[141.46058724,43.83383395],[141.46060636,43.83382974],[141.46063504,43.83380871],[141.4606446,43.8337961],[141.46063504,43.83375404]]],[[[141.46040559,43.83386759],[141.46035779,43.83385077],[141.4603291,43.83385918],[141.46030998,43.83391806],[141.46036735,43.8339475],[141.46040559,43.83391806],[141.46042471,43.83390965],[141.46040559,43.83386759]]],[[[141.45307272,43.83398955],[141.45304404,43.83398535],[141.45301536,43.83398955],[141.45299624,43.8340274],[141.45301536,43.83404843],[141.45304404,43.83405264],[141.45309184,43.83405264],[141.4531014,43.83404423],[141.45309184,43.83400638],[141.45307272,43.83398955]]],[[[141.46004229,43.83398114],[141.46000405,43.83395591],[141.45996581,43.83397694],[141.45995625,43.83404002],[141.46002317,43.83406525],[141.46007097,43.83404002],[141.46005185,43.83400638],[141.46004229,43.83398114]]],[[[141.45980328,43.83405684],[141.45974592,43.83404843],[141.45971724,43.83406525],[141.45971724,43.83412834],[141.4597746,43.83415778],[141.45983196,43.83414937],[141.45983196,43.83411993],[141.4598224,43.83407787],[141.45980328,43.83405684]]],[[[141.46867538,43.83415778],[141.46863714,43.83411993],[141.46852241,43.83412834],[141.46845549,43.83417881],[141.46847461,43.83427974],[141.46850329,43.83436806],[141.46856065,43.83438067],[141.46863714,43.83435965],[141.46867538,43.83428395],[141.46867538,43.83415778]]],[[[141.45946866,43.83436806],[141.45942086,43.83433862],[141.45938262,43.83435965],[141.45939218,43.83442273],[141.45943998,43.83443955],[141.45946866,43.83439329],[141.45946866,43.83436806]]],[[[141.47968902,43.83451525],[141.47963166,43.83449843],[141.47956473,43.83451105],[141.47954561,43.83454469],[141.47953605,43.8346246],[141.47954561,43.83466666],[141.47958386,43.83468348],[141.47965078,43.83467927],[141.47972726,43.83459937],[141.47972726,43.83454049],[141.47968902,43.83451525]]],[[[141.47328352,43.83469189],[141.47322615,43.83465824],[141.47317835,43.83467086],[141.47312099,43.83469609],[141.47312099,43.83472553],[141.47316879,43.83474236],[141.47321659,43.83474236],[141.47327396,43.83471712],[141.47328352,43.83469189]]],[[[141.47165824,43.83463722],[141.47161044,43.83463301],[141.47156264,43.83465404],[141.47153395,43.8347003],[141.47154352,43.83474236],[141.47158176,43.83476759],[141.47162956,43.83475497],[141.47170604,43.83469189],[141.47170604,43.83464563],[141.47165824,43.83463722]]],[[[141.47209802,43.83472133],[141.47204066,43.83471292],[141.47199286,43.83472974],[141.47199286,43.83475497],[141.4720311,43.83478021],[141.47208846,43.83479703],[141.47214582,43.83476338],[141.47214582,43.83474236],[141.47209802,43.83472133]]],[[[141.47248044,43.83479282],[141.47240396,43.83478862],[141.47235615,43.83479703],[141.47237527,43.83482226],[141.4724422,43.83485591],[141.47251868,43.83485591],[141.4725378,43.83483067],[141.47251868,43.83480544],[141.47248044,43.83479282]]],[[[141.47267165,43.83501151],[141.47264297,43.83501151],[141.47261429,43.83502834],[141.47260473,43.8350746],[141.47262385,43.83509983],[141.47267165,43.83510824],[141.47270989,43.83509142],[141.47272901,43.83505357],[141.47267165,43.83501151]]],[[[141.45870383,43.83505357],[141.45864646,43.83504937],[141.4586369,43.83509142],[141.45864646,43.83512507],[141.45867515,43.83513768],[141.45872295,43.83512086],[141.45873251,43.8350746],[141.45870383,43.83505357]]],[[[141.45862734,43.83526806],[141.45856998,43.83523441],[141.45855086,43.83525965],[141.4585413,43.8353017],[141.4585891,43.83531852],[141.4586369,43.83531011],[141.45862734,43.83526806]]],[[[141.4582258,43.83569703],[141.45823537,43.83566338],[141.45832141,43.83566338],[141.45833097,43.83565918],[141.4584457,43.83562133],[141.45846482,43.83557086],[141.45840745,43.83550357],[141.45833097,43.83549936],[141.45828317,43.83549936],[141.45818756,43.83555404],[141.45816844,43.8356003],[141.4581302,43.83559609],[141.45805372,43.83563394],[141.4580346,43.83569703],[141.45805372,43.83572647],[141.45806328,43.83573908],[141.45810152,43.83574329],[141.45814932,43.83574329],[141.45818756,43.83572226],[141.4582258,43.83569703]]],[[[141.32840442,43.7407093],[141.32801244,43.7408565],[141.32804112,43.74086911],[141.32807936,43.74091117],[141.32809848,43.74097425],[141.32813673,43.74099949],[141.32820365,43.74101631],[141.32827057,43.74100369],[141.32836618,43.74094061],[141.3283853,43.74089014],[141.32842354,43.74081444],[141.32841398,43.740785],[141.32841398,43.74073453],[141.32840442,43.7407093]]],[[[141.34166477,43.74648359],[141.34102422,43.74599574],[141.34088081,43.74609247],[141.34166477,43.74668967],[141.34177949,43.74678219],[141.34193246,43.74668125],[141.34166477,43.74648359]]],[[[141.34938005,43.75324199],[141.34935137,43.75322938],[141.34932269,43.75323358],[141.34931313,43.75324199],[141.34930357,43.75325461],[141.34930357,43.75327564],[141.34931313,43.75328826],[141.34933225,43.75330508],[141.34936093,43.75331349],[141.34938961,43.75331349],[141.34940873,43.75331349],[141.34941829,43.75329667],[141.34941829,43.75327143],[141.34940873,43.75325461],[141.34938005,43.75324199]]],[[[141.3494661,43.75352797],[141.34944698,43.75352377],[141.34941829,43.75352797],[141.34939917,43.75353639],[141.34938005,43.753549],[141.34937049,43.75355741],[141.34937049,43.75356583],[141.34939917,43.75357424],[141.34942785,43.75357844],[141.3494661,43.75357003],[141.34947566,43.75355741],[141.34947566,43.75353639],[141.3494661,43.75352797]]],[[[141.34954258,43.75375928],[141.3495139,43.75375508],[141.34947566,43.75375508],[141.34945654,43.75376769],[141.34945654,43.75378031],[141.34945654,43.75379293],[141.34949478,43.75381396],[141.34954258,43.75382237],[141.3495617,43.75382237],[141.34957126,43.75380554],[141.34957126,43.75378872],[141.3495617,43.7537719],[141.34954258,43.75375928]]],[[[141.34920796,43.75423872],[141.34916972,43.75423872],[141.3491506,43.75424713],[141.34912192,43.75425975],[141.34912192,43.75428078],[141.34913148,43.7542976],[141.34916016,43.75431442],[141.3491984,43.75432283],[141.34922708,43.75432704],[141.34925577,43.75432283],[141.34927489,43.75430181],[141.34926533,43.75427237],[141.34924621,43.75425134],[141.34920796,43.75423872]]],[[[141.34975291,43.75436489],[141.34971467,43.75436068],[141.34968599,43.75436489],[141.34968599,43.75439433],[141.34968599,43.75441115],[141.34969555,43.75442377],[141.34975291,43.75443638],[141.34977203,43.75443218],[141.34978159,43.75441536],[141.34978159,43.75438592],[141.34977203,43.7543733],[141.34975291,43.75436489]]],[[[141.35116786,43.75549199],[141.35114874,43.75548779],[141.35112005,43.75548779],[141.35110093,43.7555004],[141.35109137,43.75550881],[141.35109137,43.75552984],[141.35110093,43.75554666],[141.35113918,43.75556349],[141.35116786,43.7555719],[141.3512061,43.7555761],[141.3512061,43.75554246],[141.35118698,43.75551302],[141.35116786,43.75549199]]],[[[141.35088104,43.75552143],[141.35086192,43.75552143],[141.3508428,43.75552143],[141.35082368,43.75552984],[141.35081412,43.75554246],[141.35081412,43.75555928],[141.35083324,43.7555761],[141.35086192,43.75558872],[141.3508906,43.75559293],[141.35090972,43.75558872],[141.35091928,43.7555761],[141.35091928,43.75554666],[141.35090972,43.75552984],[141.35088104,43.75552143]]],[[[141.35182753,43.75590835],[141.35178929,43.75590835],[141.35177017,43.75591676],[141.35177017,43.75593358],[141.35177973,43.7559504],[141.35179885,43.75596722],[141.35183709,43.75598405],[141.35189445,43.75599666],[141.35192313,43.75598825],[141.35192313,43.75597143],[141.35192313,43.7559504],[141.35190401,43.755937779999996],[141.35186577,43.75591255],[141.35182753,43.75590835]]],[[[141.36217194,43.7636845],[141.36214326,43.7636803],[141.36212414,43.7636845],[141.36209545,43.76370974],[141.36209545,43.76372656],[141.36209545,43.76374338],[141.3621337,43.76376441],[141.36217194,43.76378123],[141.36221974,43.76378544],[141.3622293,43.76377282],[141.3622293,43.76374338],[141.36221018,43.76371394],[141.36217194,43.7636845]]],[[[141.36162699,43.76367609],[141.36158875,43.76367609],[141.36156007,43.76368871],[141.36154095,43.76370553],[141.36149315,43.76372656],[141.36152183,43.76374338],[141.36155051,43.763756],[141.36159831,43.76378544],[141.36160787,43.76381067],[141.36163655,43.76381908],[141.36166523,43.76382329],[141.36170348,43.76382329],[141.3617226,43.76381067],[141.36171304,43.76375179],[141.36169391,43.76369712],[141.36166523,43.7636845],[141.36162699,43.76367609]]],[[[141.36179908,43.76382329],[141.3617704,43.76381908],[141.36173216,43.76382749],[141.36169391,43.76383591],[141.36168435,43.76385693],[141.36166523,43.76387796],[141.36167479,43.76389058],[141.36168435,43.7639074],[141.36171304,43.76392002],[141.36175128,43.76393263],[141.36177996,43.76393684],[141.36180864,43.76392843],[141.36180864,43.76391581],[141.36180864,43.76383591],[141.36179908,43.76382329]]],[[[141.36221974,43.76399992],[141.3621815,43.76399992],[141.36215282,43.76400834],[141.3621337,43.76402095],[141.36212414,43.76404198],[141.3621337,43.76406721],[141.36214326,43.76408404],[141.3621815,43.76410086],[141.36221018,43.76410506],[141.36223886,43.76410086],[141.36224842,43.76407983],[141.36224842,43.76404198],[141.36223886,43.76401675],[141.36221974,43.76399992]]],[[[141.36252567,43.76410086],[141.36249699,43.76409665],[141.36246831,43.76409665],[141.36244919,43.76410927],[141.36243963,43.7641303],[141.36243963,43.76414712],[141.36245875,43.76415974],[141.36247787,43.76416394],[141.36250655,43.76416394],[141.36253523,43.76415133],[141.3625448,43.76413871],[141.3625448,43.76411768],[141.36252567,43.76410086]]],[[[141.36278381,43.76769244],[141.36274556,43.76767562],[141.36269776,43.76767562],[141.3626882,43.76768403],[141.36267864,43.76770926],[141.3626882,43.76774291],[141.36270732,43.76775973],[141.362736,43.76776814],[141.36276469,43.76777235],[141.36279337,43.76777235],[141.36281249,43.76775973],[141.36280293,43.76772188],[141.36278381,43.76769244]]],[[[141.36285073,43.76828964],[141.36280293,43.76828964],[141.36277425,43.76831487],[141.36276469,43.76834011],[141.36277425,43.76837375],[141.36279337,43.76838637],[141.36282205,43.76838637],[141.36286029,43.76837796],[141.36286985,43.76836113],[141.36287941,43.76833169],[141.36286985,43.76830646],[141.36285073,43.76828964]]],[[[141.36306106,43.768499919999996],[141.36304194,43.768499919999996],[141.3630037,43.76850833],[141.36299414,43.76852936],[141.3630037,43.7685588],[141.36301326,43.76857562],[141.36303238,43.76858403],[141.36306106,43.76858824],[141.36308974,43.76858403],[141.36310886,43.768563],[141.36310886,43.76853356],[141.3630993,43.76851253],[141.36306106,43.768499919999996]]],[[[141.36313754,43.76895833],[141.36310886,43.76895412],[141.36308018,43.76895412],[141.36306106,43.76896253],[141.36306106,43.76898777],[141.36308018,43.7690088],[141.3630993,43.76902982],[141.36312798,43.76903824],[141.3631471,43.76904244],[141.36317579,43.76903824],[141.36319491,43.76902982],[141.36319491,43.76901721],[141.36319491,43.76900038],[141.36315666,43.76896674],[141.36313754,43.76895833]]],[[[141.36283161,43.76900459],[141.36280293,43.76900459],[141.36277425,43.76901721],[141.36275513,43.76904244],[141.36275513,43.76905926],[141.36275513,43.76907609],[141.36278381,43.7690887],[141.36280293,43.76909291],[141.36283161,43.7690887],[141.36285073,43.76906347],[141.36285073,43.76904665],[141.36285073,43.76902562],[141.36283161,43.76900459]]],[[[141.36274556,43.76956394],[141.36269776,43.76955973],[141.36267864,43.76957235],[141.36265952,43.76958917],[141.36265952,43.7696102],[141.36265952,43.76963543],[141.36267864,43.76966066],[141.36271688,43.76969431],[141.36275513,43.76971534],[141.36278381,43.76971113],[141.36280293,43.76969431],[141.36281249,43.76966487],[141.36280293,43.76962702],[141.36279337,43.76960599],[141.36277425,43.76958496],[141.36274556,43.76956394]]],[[[141.36327139,43.77023683],[141.36323315,43.77023683],[141.36320447,43.77024945],[141.36315666,43.77027468],[141.36310886,43.77030833],[141.3630993,43.77032936],[141.36311842,43.77034618],[141.36315666,43.77035879],[141.36318535,43.770363],[141.36325227,43.77035879],[141.36328095,43.77034197],[141.36330963,43.77031674],[141.36332875,43.7702915],[141.36331919,43.77027048],[141.36330007,43.77024524],[141.36327139,43.77023683]]],[[[141.36939008,43.77903495],[141.36939008,43.7789971],[141.36935184,43.7789929],[141.36930404,43.7789929],[141.36924667,43.77898869],[141.36925623,43.77895925],[141.36925623,43.7789214],[141.36921799,43.77890037],[141.36919887,43.77885832],[141.36917019,43.77885411],[141.36913195,43.77885411],[141.36906502,43.77883729],[141.36902678,43.77882467],[141.36900766,43.77879103],[141.36898854,43.77876579],[141.3689503,43.77876579],[141.36889294,43.77877841],[141.36885469,43.77880364],[141.36882601,43.77882888],[141.36880689,43.77885411],[141.36882601,43.77887514],[141.36884513,43.77890037],[141.36884513,43.77892561],[141.36883557,43.77894243],[141.36884513,43.77896346],[141.36888338,43.77898448],[141.36894074,43.77902233],[141.36895986,43.77904336],[141.36901722,43.77907701],[141.36905546,43.77908121],[141.36908414,43.77904757],[141.36909371,43.77900972],[141.36913195,43.77900551],[141.36915107,43.77901813],[141.36915107,43.77906018],[141.36917975,43.77911486],[141.36921799,43.77912747],[141.36928491,43.77911065],[141.36932316,43.77908121],[141.36939008,43.77903495]]],[[[141.36907458,43.7823784],[141.36908414,43.78236158],[141.36910327,43.78235317],[141.36914151,43.78235317],[141.36924667,43.78234897],[141.36928491,43.78233635],[141.3693136,43.78230691],[141.3693136,43.78228168],[141.36927535,43.78226485],[141.36917019,43.78226065],[141.36913195,43.78225644],[141.36909371,43.78224803],[141.36909371,43.782227],[141.36914151,43.78221018],[141.36926579,43.78217654],[141.36933272,43.78218074],[141.3694092,43.78219336],[141.36944744,43.78218074],[141.36946656,43.78215971],[141.3695048,43.78211766],[141.3695048,43.78205457],[141.36948568,43.78202934],[141.36944744,43.78200411],[141.3693614,43.78199149],[141.3693136,43.78200411],[141.36927535,43.7819957],[141.36917019,43.78199149],[141.36910327,43.78199149],[141.36908414,43.78200831],[141.36910327,43.78202513],[141.36916063,43.78204616],[141.36920843,43.7820714],[141.36919887,43.78209242],[141.36917019,43.78210504],[141.36918931,43.78212607],[141.36916063,43.78213869],[141.36912239,43.78213869],[141.3690459,43.78212186],[141.36896942,43.78212186],[141.36892162,43.78214289],[141.36884513,43.78217233],[141.36881645,43.78221018],[141.36883557,43.78223121],[141.36887381,43.78224383],[141.3689025,43.78223962],[141.3689025,43.78226485],[141.36892162,43.78227747],[141.36896942,43.78227747],[141.3689981,43.78228168],[141.36900766,43.78231112],[141.3689981,43.78233214],[141.3689981,43.78235738],[141.36898854,43.78236999],[141.3689503,43.7823742],[141.36891206,43.78234897],[141.36885469,43.78234897],[141.36882601,43.78236158],[141.36883557,43.78238261],[141.36887381,43.78239943],[141.36889294,43.78243308],[141.3689025,43.78244569],[141.36892162,43.78245411],[141.36896942,43.78250037],[141.36900766,43.78251719],[141.3690459,43.7825214],[141.36913195,43.78254242],[141.36917019,43.78255925],[141.36923711,43.78258448],[141.36926579,43.78260551],[141.36929447,43.78262233],[141.3693136,43.78261392],[141.36932316,43.7825971],[141.3693136,43.7825256],[141.36930404,43.78247934],[141.36924667,43.78244569],[141.36909371,43.78239102],[141.36907458,43.7823784]]],[[[141.36952393,43.78769008],[141.36949524,43.78769008],[141.36946656,43.78769849],[141.36943788,43.78771531],[141.36943788,43.78774055],[141.36948568,43.78775737],[141.36951437,43.78777419],[141.36954305,43.78779101],[141.36960041,43.78781625],[141.36961953,43.78782466],[141.36964821,43.78784989],[141.36966733,43.7878583],[141.36969601,43.7878541],[141.3697247,43.78784569],[141.36973426,43.78781204],[141.36974382,43.78779522],[141.36976294,43.78777419],[141.36976294,43.78775737],[141.36975338,43.78774475],[141.36973426,43.78772373],[141.36969601,43.78771952],[141.36963865,43.78771952],[141.36960997,43.78771531],[141.36958129,43.7877069],[141.36952393,43.78769008]]],[[[141.36942832,43.78804335],[141.36949524,43.7880055],[141.36954305,43.78797606],[141.36954305,43.78795503],[141.36954305,43.78793401],[141.36954305,43.78790036],[141.36953349,43.78789195],[141.36951437,43.78789195],[141.36948568,43.78789195],[141.36942832,43.78789195],[141.36939964,43.78788774],[141.3693614,43.78788354],[141.36933272,43.78788354],[141.36930404,43.78787513],[141.36928491,43.78786251],[141.36924667,43.78786672],[141.36921799,43.78789195],[141.36916063,43.78794662],[141.36916063,43.78797606],[141.36914151,43.78801391],[141.36915107,43.78803073],[141.36917019,43.78803915],[141.36919887,43.78803915],[141.36926579,43.78804756],[141.36929447,43.78806438],[141.36932316,43.78806858],[141.36938052,43.78806017],[141.36942832,43.78804335]]],[[[141.37324294,43.79382185],[141.3732047,43.79382185],[141.37318558,43.79384708],[141.37318558,43.79388073],[141.3732047,43.79392699],[141.37324294,43.79393961],[141.37327162,43.7939354],[141.3733003,43.79390596],[141.37328118,43.7938639],[141.37326206,43.79383446],[141.37324294,43.79382185]]],[[[141.4011977,43.81266295],[141.40118814,43.81265874],[141.40117858,43.81265874],[141.40116902,43.81266295],[141.40114034,43.81268397],[141.40113078,43.8127008],[141.40113078,43.81270921],[141.40114034,43.81271762],[141.4011499,43.81273444],[141.40115946,43.81274285],[141.40117858,43.81274706],[141.4011977,43.81274285],[141.40121683,43.81273444],[141.40121683,43.81272603],[141.40122639,43.81270921],[141.40121683,43.81269238],[141.40121683,43.81267977],[141.4011977,43.81267136],[141.4011977,43.81266295]]],[[[141.40436221,43.81326014],[141.40430485,43.81326014],[141.40429529,43.81328117],[141.40429529,43.8133064],[141.40432397,43.81332322],[141.40437178,43.81331061],[141.40438134,43.81328117],[141.40436221,43.81326014]]],[[[141.40475419,43.81336949],[141.40470639,43.81336528],[141.40469683,43.8133821],[141.40468727,43.81340734],[141.40469683,43.81344098],[141.40474463,43.81344098],[141.40477331,43.81341995],[141.40477331,43.8133821],[141.40475419,43.81336949]]],[[[141.40525134,43.81348724],[141.40520353,43.81347042],[141.40516529,43.81347883],[141.40513661,43.81351248],[141.40513661,43.81354612],[141.40516529,43.81356715],[141.4052131,43.81356294],[141.40528002,43.81352509],[141.40528002,43.81350407],[141.40525134,43.81348724]]],[[[141.40447694,43.81357136],[141.4044387,43.81357136],[141.40441002,43.81358397],[141.40441002,43.81361762],[141.40444826,43.81363865],[141.40446738,43.81364285],[141.40451518,43.81363865],[141.40451518,43.813605],[141.40447694,43.81357136]]],[[[141.40660892,43.81363023],[141.40658024,43.81361762],[141.40656112,43.81361762],[141.406542,43.81361762],[141.40652288,43.81362182],[141.40652288,43.81364285],[141.406542,43.81366388],[141.40657068,43.8136765],[141.40660892,43.81365967],[141.40660892,43.81363023]]],[[[141.4069531,43.81371435],[141.40692442,43.81370173],[141.40689573,43.81371014],[141.40685749,43.81374379],[141.40686705,43.81376902],[141.40692442,43.81378584],[141.4069531,43.8137564],[141.40696266,43.81373958],[141.40696266,43.81373537],[141.4069531,43.81371435]]],[[[141.40718255,43.8142064],[141.40714431,43.81418958],[141.40711563,43.81419378],[141.40706782,43.81418958],[141.4070487,43.81422322],[141.40707738,43.81426107],[141.40713475,43.8142779],[141.40717299,43.8142821],[141.40720167,43.81424425],[141.40718255,43.8142064]]],[[[141.47388583,43.83574329],[141.4738189,43.83573908],[141.47376154,43.8357475],[141.47371374,43.83577693],[141.47368506,43.83581478],[141.47369462,43.83584843],[141.47374242,43.83589049],[141.47378066,43.83589469],[141.47383802,43.83588207],[141.47390495,43.83583161],[141.47393363,43.83580217],[141.47393363,43.83576432],[141.47388583,43.83574329]]],[[[141.47753792,43.8361302],[141.47742319,43.83610497],[141.47741363,43.83612179],[141.47681132,43.83599563],[141.47682088,43.8359746],[141.47634286,43.83587366],[141.47631418,43.83595357],[141.47750924,43.83621011],[141.47753792,43.8361302]]],[[[141.47357989,43.8407059],[141.47351297,43.84070169],[141.47348429,43.84071852],[141.47346517,43.84073954],[141.47346517,43.84076898],[141.47349385,43.84082786],[141.47351297,43.8408573],[141.47354165,43.84086992],[141.47358945,43.84086992],[141.47361813,43.8408573],[141.47363725,43.84083207],[141.47363725,43.84080263],[141.47362769,43.84076057],[141.47360857,43.84072272],[141.47357989,43.8407059]]],[[[141.47338868,43.84118534],[141.47335044,43.84117272],[141.47324528,43.84120637],[141.47321659,43.84122319],[141.47321659,43.84124001],[141.47322615,43.84126524],[141.47325484,43.84129468],[141.47329308,43.84129889],[141.47335044,43.84129048],[141.47337912,43.84126524],[141.47339824,43.84124422],[141.47339824,43.84121057],[141.47338868,43.84118534]]],[[[141.47273857,43.84131151],[141.47270989,43.8413073],[141.47268121,43.84131151],[141.47265253,43.8413073],[141.47261429,43.84129048],[141.47257604,43.84128627],[141.4725378,43.84129468],[141.47251868,43.84131571],[141.47250912,43.84134095],[141.47249956,43.8413788],[141.47248044,43.84139562],[141.47243264,43.84141665],[141.47241352,43.84143347],[141.47242308,43.84146291],[141.4724422,43.84147973],[141.47248044,43.84149235],[141.47250912,43.84151758],[141.4725378,43.84155964],[141.47256648,43.84158067],[141.47260473,43.84158487],[141.47266209,43.84157646],[141.47270033,43.84155543],[141.47273857,43.84150496],[141.47278637,43.84148814],[141.47280549,43.84147132],[141.47280549,43.84143347],[141.47275769,43.84133253],[141.47273857,43.84131151]]],[[[141.47242308,43.84174468],[141.47238483,43.84173627],[141.47235615,43.84174889],[141.47231791,43.84178253],[141.47229879,43.84181618],[141.47229879,43.84184562],[141.47231791,43.84184562],[141.47237527,43.84182038],[141.47242308,43.84178674],[141.4724422,43.84176151],[141.47242308,43.84174468]]],[[[141.53078008,43.85422691],[141.53008216999999,43.85383158],[141.53003436,43.85389046],[141.53074184,43.85428999],[141.53078008,43.85422691]]],[[[141.69887196,43.79621063],[141.69884328,43.79598773],[141.69877635,43.79586157],[141.69861382,43.79560082],[141.69844174,43.79521811],[141.69836525,43.79478914],[141.6984991,43.79432652],[141.69852778,43.79397746],[141.69836525,43.79347699],[141.69828877,43.7931069],[141.69827921,43.79248867],[141.69820272,43.79211437],[141.69830789,43.79166858],[141.69831745,43.79162652],[141.69819316,43.79118914],[141.69782987,43.79076438],[141.69760042,43.79060036],[141.6972658,43.79031017],[141.69697899,43.79008307],[141.69647228,43.78991905],[141.69611855,43.78983494],[141.6959369,43.78979288],[141.69561184,43.7897298],[141.69538239,43.78952793],[141.69533459,43.78938494],[141.69532503,43.7891284],[141.69543975,43.78871204],[141.69556404,43.78843027],[141.69556404,43.78804756],[141.69549712,43.78789615],[141.69540151,43.78752606],[141.69532503,43.78669335],[141.69520074,43.78620971],[141.69500953,43.78595737],[141.69498085,43.78578494],[141.69518162,43.78551158],[141.6956692,43.78512887],[141.69613767,43.78488494],[141.69651052,43.78459476],[141.69679734,43.78413214],[141.69687382,43.78376625],[141.6967591,43.78338775],[141.69674954,43.78333308],[141.69666349,43.78290411],[141.69663481,43.78263495],[141.6969025,43.78234055],[141.69728492,43.78223962],[141.69754305,43.78216812],[141.69831745,43.78207981],[141.69880503,43.7819242],[141.69928306,43.78167186],[141.69972284,43.78141953],[141.69978976,43.78120084],[141.69959855,43.78096532],[141.69924481,43.78072981],[141.69916833,43.78062467],[141.69892932,43.78026719],[141.69860426,43.77953962],[141.6984513,43.77870691],[141.69847042,43.77836205],[141.69858514,43.7781686],[141.69880503,43.77797935],[141.69940734,43.7775714],[141.69969416,43.77743682],[141.69952207,43.77727701],[141.69933086,43.77717187],[141.69918745,43.77708355],[141.69883371,43.77693215],[141.69862338,43.77677234],[141.69839393,43.77650318],[141.69822185,43.77632654],[141.69802108,43.77593963],[141.69794459,43.77578823],[141.69791591,43.77565365],[141.69788723,43.77543496],[141.69795415,43.77500178],[141.69802108,43.77453496],[141.69804976,43.77442982],[141.69810712,43.77414384],[141.6981836,43.77387047],[141.69847998,43.77344571],[141.69877635,43.77319758],[141.69891976,43.7729915],[141.69887196,43.77267188],[141.69872855,43.772163],[141.69880503,43.77176347],[141.69899624,43.77149431],[141.6993691,43.77112842],[141.6996846,43.77076674],[141.69977064,43.77030833],[141.69966547,43.76948403],[141.69969416,43.76919384],[141.69976108,43.76870179],[141.70000009,43.76838216],[141.7001435,43.76819291],[141.70074581,43.76771768],[141.70118559,43.76737282],[141.70123339,43.76723824],[141.70124295,43.76666628],[141.70125251,43.76656534],[141.7014724,43.76574104],[141.7014724,43.76549291],[141.70151064,43.76516067],[141.70174965,43.76474852],[141.70175921,43.76471488],[141.70184526,43.76445833],[141.7018357,43.76421441],[141.70167317,43.76386955],[141.70131943,43.76347843],[141.70109954,43.76309993],[141.70108998,43.76271722],[141.70117603,43.76245647],[141.70144372,43.7621032],[141.70168273,43.76185086],[141.70180702,43.76139666],[141.70191218,43.76095086],[141.70217031,43.76051348],[141.70237108,43.76001722],[141.70255273,43.7596261],[141.70246669,43.75936114],[141.70243801,43.75927283],[141.70259097,43.75889853],[141.70267702,43.75861675],[141.703069,43.75833498],[141.70312636,43.75828872],[141.70348966,43.75811629],[141.70359482,43.75801956],[141.70380515,43.75762844],[141.70412065,43.75731722],[141.70453174,43.75701021],[141.70474207,43.7567747],[141.70469427,43.75660227],[141.70434054,43.75597984],[141.70416845,43.75576956],[141.70366174,43.7555719],[141.70309768,43.75536162],[141.70232328,43.75491582],[141.70181658,43.75454573],[141.70155844,43.7542261],[141.70119515,43.75358265],[141.7011569,43.7532462],[141.70130987,43.75237985],[141.70130987,43.75228312],[141.70131943,43.75216957],[141.70133855,43.75206863],[141.70141504,43.75179106],[141.70150108,43.75146723],[141.70153932,43.75132003],[141.70152976,43.75126116],[141.70120471,43.75097517],[141.70102306,43.75075648],[141.70091789,43.75059246],[141.70075537,43.75033172],[141.70065976,43.75017611],[141.70052591,43.75004574],[141.70046855,43.74999947],[141.70030602,43.7498649],[141.70000009,43.74969667],[141.69993317,43.74965882],[141.69962723,43.74952424],[141.6994647,43.74948639],[141.69935954,43.74947798],[141.69912053,43.74946957],[141.69880503,43.74942331],[141.69830789,43.74928452],[141.69801152,43.74920462],[141.69787767,43.74912892],[141.69765778,43.74898172],[141.69745701,43.74887237],[141.69717976,43.74873779],[141.69701723,43.74864527],[141.696348,43.74825415],[141.69622371,43.74815742],[141.69594646,43.74794714],[141.69555448,43.74764854],[141.69507646,43.74722378],[141.69496173,43.74715649],[141.69481832,43.74710602],[141.69456975,43.74704294],[141.6941969,43.74684527],[141.69396744,43.74666864],[141.69371887,43.74646256],[141.69363283,43.74639948],[141.69354678,43.74635322],[141.69345118,43.74632798],[141.69333645,43.74632378],[141.69315481,43.7463406],[141.69297316,43.74638266],[141.69232305,43.74657191],[141.69166338,43.74677378],[141.69145305,43.74683686],[141.69055436,43.74705555],[141.688757,43.74748873],[141.68814513,43.74763172],[141.68731337,43.74783359],[141.68727513,43.74784621],[141.68663458,43.74801443],[141.6862904,43.74809434],[141.68622348,43.74813219],[141.68616612,43.74817004],[141.68611831,43.74822051],[141.68600359,43.7483635],[141.68586018,43.74862424],[141.68575502,43.74888078],[141.68567853,43.74895649],[141.68555425,43.74903219],[141.68516227,43.74923406],[141.6850093,43.74935181],[141.68489457,43.74946116],[141.68482765,43.74954527],[141.684646,43.74981863],[141.6845504,43.7499448],[141.68449304,43.74999947],[141.68449304,43.75000368],[141.68442611,43.75004574],[141.68434963,43.75007097],[141.68422534,43.75008359],[141.68406282,43.75007518],[141.68388117,43.75007938],[141.68369952,43.75010882],[141.68350831,43.7501719],[141.68333622,43.75026863],[141.68314501,43.75036536],[141.68288688,43.75047471],[141.68260963,43.75057144],[141.68245666,43.75060929],[141.6820838,43.75068499],[141.68188303,43.75074807],[141.68178743,43.75080274],[141.68166314,43.75093312],[141.6815293,43.75110975],[141.68133809,43.75140835],[141.68125204,43.75158078],[141.68115644,43.75179106],[141.68108951,43.7518962],[141.68096523,43.75199293],[141.68073578,43.75207704],[141.68047765,43.75214013],[141.68020039,43.75220321],[141.6800283,43.75221583],[141.67974149,43.75220742],[141.67922523,43.75220321],[141.67898622,43.75223265],[141.67885237,43.75226629],[141.67878545,43.75230414],[141.67866116,43.75237985],[141.67863248,43.75245134],[141.6783361,43.75262798],[141.67790588,43.75274573],[141.67685423,43.75320835],[141.67631885,43.75348171],[141.67620412,43.75356162],[141.67592687,43.75395274],[141.67557313,43.75429339],[141.67542017,43.75447003],[141.67516203,43.75488218],[141.67501863,43.75500835],[141.67499951,43.75502096],[141.67461709,43.75526909],[141.6743972,43.75547096],[141.67423467,43.7556476],[141.67407214,43.75576956],[141.67394786,43.75581162],[141.67384269,43.75582844],[141.67290577,43.75581162],[141.67236082,43.75577377],[141.67213137,43.75579059],[141.67172983,43.75591255],[141.67123269,43.7560976],[141.67095544,43.75622377],[141.67071642,43.75637517],[141.6701906,43.7567747],[141.66997071,43.75689666],[141.6698273,43.75696395],[141.6689095,43.75739713],[141.66846972,43.75754012],[141.6681829,43.75764105],[141.6675806,43.75799853],[141.66688268,43.75831816],[141.666854,43.75833498],[141.66666279,43.75843591],[141.66590752,43.75885227],[141.6654773,43.75913825],[141.66534345,43.75919713],[141.66505664,43.75933591],[141.66408147,43.75976068],[141.66358433,43.75988685],[141.66263784,43.76005086],[141.66213114,43.76009292],[141.66193993,43.76009292],[141.66170092,43.76003825],[141.66077355,43.75976068],[141.6604485,43.75973544],[141.65984619,43.75964292],[141.6596263,43.75960507],[141.65920564,43.75949572],[141.65899531,43.75945787],[141.65847904,43.75943264],[141.65833564,43.75941161],[141.65688245,43.75919713],[141.65603157,43.75904572],[141.65563003,43.75901629],[141.65480783,43.75886909],[141.65427245,43.75880601],[141.6532686,43.75849479],[141.65274277,43.75833498],[141.65233167,43.75820881],[141.65132783,43.75778825],[141.64999892,43.7571532],[141.64974079,43.75702704],[141.64943486,43.75687563],[141.64878475,43.75656021],[141.64796255,43.75633311],[141.64770441,43.75627003],[141.64745584,43.7562532],[141.64721683,43.7562532],[141.64652848,43.75636255],[141.6461365,43.75642563],[141.64578276,43.75649713],[141.64532386,43.75664853],[141.64510397,43.75673264],[141.64481716,43.75687984],[141.64455903,43.75703965],[141.64386111,43.7578261],[141.64361254,43.75813311],[141.64350738,43.75833498],[141.64343089,43.75846115],[141.64336397,43.75856208],[141.64314408,43.75875974],[141.64260869,43.75919292],[141.64239836,43.7594032],[141.64206375,43.75962189],[141.64166221,43.75985741],[141.64141364,43.76000881],[141.6411555,43.76020227],[141.64099298,43.76048404],[141.64091649,43.76058077],[141.64084001,43.76061441],[141.64062012,43.76071114],[141.64029506,43.76079526],[141.64007517,43.76078684],[141.63984572,43.76076582],[141.63860286,43.76082469],[141.63837341,43.76080787],[141.63809616,43.76074058],[141.63740781,43.76045881],[141.63709231,43.76034946],[141.63683418,43.76029899],[141.63656649,43.76029479],[141.63629879,43.76026535],[141.63584945,43.76016021],[141.63434846,43.76001722],[141.63375571,43.7600046],[141.63333505,43.75997516],[141.63294308,43.75994993],[141.6326467,43.7599289],[141.63248417,43.75991628],[141.63224516,43.75986161],[141.63214956,43.75971862],[141.63148033,43.75912143],[141.63063901,43.758583109999996],[141.63051472,43.75850741],[141.63022791,43.75833498],[141.62959692,43.75795227],[141.62906153,43.7576789],[141.62833494,43.75739292],[141.62782823,43.75731302],[141.62680527,43.75713638],[141.62572493,43.75667377],[141.62527559,43.7565518],[141.62499834,43.75648872],[141.62437691,43.75633732],[141.62379372,43.75619853],[141.62361207,43.75599666],[141.62334438,43.75555087],[141.62314361,43.75495367],[141.62300977,43.75453732],[141.62281856,43.75429339],[141.62246482,43.75411255],[141.62201548,43.75397797],[141.62192943,43.75396536],[141.62125064,43.75386022],[141.62101163,43.7538476],[141.62071526,43.75380975],[141.62019899,43.75368779],[141.61955844,43.75349854],[141.61896569,43.75331769],[141.61848767,43.75311583],[141.61799053,43.75288031],[141.61777064,43.75270788],[141.61761767,43.75253545],[141.61754119,43.75243031],[141.61754119,43.75237985],[141.61750294,43.75216536],[141.61753163,43.75199714],[141.61764635,43.75168592],[141.61765591,43.75158078],[141.61758899,43.75137471],[141.61749338,43.75112237],[141.61738822,43.75087424],[141.61709185,43.75036536],[141.61699624,43.75020555],[141.61693888,43.750092],[141.6169102,43.74999947],[141.61688152,43.74992798],[141.61681459,43.7497219],[141.61679547,43.74933078],[141.61675723,43.74871677],[141.61669987,43.74840135],[141.61667119,43.74824153],[141.61666162,43.74821209],[141.6166425,43.74794714],[141.61667119,43.74788826],[141.61679547,43.74753079],[141.616958,43.74724481],[141.61714921,43.74704714],[141.61743602,43.74672752],[141.61758899,43.74643733],[141.61759855,43.74630275],[141.61756987,43.74601677],[141.61744558,43.74584855],[141.61734042,43.74568873],[141.61718745,43.74546163],[141.61711097,43.74529761],[141.61704404,43.74505369],[141.616958,43.74485182],[141.61688152,43.74472986],[141.61667119,43.74458686],[141.61653734,43.74449855],[141.61628877,43.74430088],[141.61609756,43.74411584],[141.61604976,43.74406537],[141.6157247,43.74374995],[141.61561954,43.74359014],[141.61545701,43.74335042],[141.61538052,43.74317799],[141.61512239,43.74279107],[141.6149025,43.74256397],[141.61466349,43.74237051],[141.61436712,43.74224855],[141.61411854,43.74205509],[141.61385085,43.74189107],[141.61330591,43.74167238],[141.61327722,43.74166818],[141.61285656,43.74159248],[141.6124359,43.74163874],[141.61228294,43.74166818],[141.61176667,43.74175649],[141.61085843,43.7419878],[141.61006491,43.74221911],[141.60945304,43.74246724],[141.60910887,43.74270276],[141.60881249,43.74303079],[141.60833447,43.74347238],[141.60825799,43.74353967],[141.60812414,43.74366163],[141.60788513,43.7438593],[141.60776084,43.74399387],[141.60764612,43.74419995],[141.60759832,43.74427986],[141.60738799,43.74452378],[141.60697689,43.74484341],[141.60672831,43.74499901],[141.6064893,43.74511257],[141.60625029,43.74514621],[141.60580095,43.74509154],[141.60519864,43.74494855],[141.6039749,43.74463313],[141.60286589,43.7443093],[141.60230183,43.74410743],[141.60134578,43.74377939],[141.60107809,43.74364902],[141.60061919,43.74332098],[141.59999776,43.74293406],[141.59988303,43.74286257],[141.59951017,43.7425892],[141.59886962,43.74211397],[141.59862105,43.74196677],[141.5984394,43.74185322],[141.59824819,43.74171444],[141.59822907,43.74166818],[141.59813347,43.74150836],[141.59801874,43.74124341],[141.59790402,43.74110883],[141.5976172,43.74094061],[141.59719654,43.74062098],[141.59702446,43.74049481],[141.59681413,43.74025509],[141.59656555,43.73996911],[141.5963361,43.73960323],[141.59622138,43.73939715],[141.59611621,43.73920369],[141.59591544,43.73896818],[141.59567643,43.7388294],[141.59522709,43.73866538],[141.59494984,43.73861912],[141.59473951,43.73848033],[141.59451006,43.73841725],[141.59397467,43.73813547],[141.59351577,43.73776958],[141.59318115,43.73750463],[141.59294214,43.73741211],[141.59241632,43.73730276],[141.59185225,43.73709669],[141.5916706,43.73704622],[141.59159412,43.73702519],[141.5911639,43.73686959],[141.59014093,43.73647426],[141.58987324,43.73641959],[141.58986368,43.73641538],[141.58917532,43.7361294],[141.58851565,43.73577192],[141.58829576,43.73569202],[141.58807587,43.73558267],[141.58785598,43.73544809],[141.58760741,43.73525463],[141.58740664,43.73505276],[141.58728235,43.73486772],[141.58708158,43.73457753],[141.58687125,43.73443034],[141.58662268,43.734253699999996],[141.58647928,43.73416538],[141.58602993,43.73405183],[141.58533202,43.73392146],[141.58505477,43.73384155],[141.5848062,43.73371959],[141.58428037,43.73352193],[141.58386927,43.73333267],[141.58353466,43.73318127],[141.58333389,43.7330551],[141.58321916,43.73298361],[141.58285586,43.73269763],[141.58239696,43.73234015],[141.58211971,43.73220978],[141.58193806,43.73212567],[141.58172773,43.73198268],[141.58154608,43.73188595],[141.58130707,43.73180183],[141.58099158,43.73179342],[141.58072388,43.73174716],[141.58065696,43.73173454],[141.5802841,43.73165043],[141.58004509,43.73152006],[141.57981564,43.73141492],[141.57939498,43.7312509],[141.57884047,43.73106585],[141.57850586,43.73096913],[141.57817124,43.7307967],[141.57785575,43.73059903],[141.57756893,43.73040137],[141.57724388,43.73023735],[141.57692838,43.73010277],[141.57666069,43.73001025],[141.57641212,43.7298967],[141.57596278,43.72966539],[141.5756186,43.72951399],[141.57527443,43.72941726],[141.57501629,43.72932053],[141.57499717,43.72931632],[141.57473904,43.72922801],[141.57430882,43.7290009],[141.57372563,43.7286981],[141.57350574,43.72865604],[141.57332409,43.72857614],[141.57312332,43.72844156],[141.57290343,43.7282481],[141.57251145,43.72797053],[141.57206211,43.7277224],[141.57163189,43.72747006],[141.57127816,43.72720091],[141.57114431,43.72710418],[141.57083838,43.72687707],[141.57064717,43.7268182],[141.57028387,43.72655745],[141.57005442,43.72633455],[141.56984409,43.72616212],[141.56956684,43.72601913],[141.56918442,43.72585932],[141.56877332,43.72559016],[141.56801804,43.72500138],[141.56797024,43.72495932],[141.56773123,43.72485418],[141.56754002,43.72473222],[141.56732013,43.72456399],[141.56707156,43.72426119],[141.56673694,43.72394998],[141.56667002,43.72391213],[141.56651705,43.72382801],[141.56611551,43.72352521],[141.56563749,43.72312147],[141.56536024,43.72294484],[141.56517859,43.72286914],[141.56493958,43.72274297],[141.56474837,43.72256633],[141.56449024,43.72238549],[141.56394529,43.72196914],[141.56376364,43.72188082],[141.56360111,43.72177147],[141.56341946,43.72160746],[141.56320913,43.72140979],[141.56305617,43.7212668],[141.56273111,43.7209682],[141.56251122,43.72082942],[141.56209056,43.7203668],[141.56178463,43.72000933],[141.56148825,43.71971493],[141.5613066,43.71963082],[141.56114408,43.71949204],[141.56097199,43.71937007],[141.56079034,43.71921447],[141.56050353,43.71906727],[141.56023583,43.71894951],[141.56007331,43.71876026],[141.55977693,43.71847008],[141.55959528,43.71837335],[141.55926067,43.71820512],[141.55887825,43.71806213],[141.5583333,43.71790653],[141.5582855,43.7178897],[141.55804649,43.71783924],[141.55775968,43.71777615],[141.5573677,43.71765839],[141.55685143,43.71745653],[141.55641165,43.71727569],[141.5560388,43.71707382],[141.55578066,43.71692241],[141.55550341,43.71674157],[141.55546517,43.71671213],[141.55540781,43.71666587],[141.55517835,43.71650185],[141.55497758,43.71639671],[141.55450912,43.71624952],[141.55422231,43.7162327],[141.55418407,43.71622849],[141.55363912,43.71622849],[141.55336187,43.71615699],[141.55305593,43.71600559],[141.5528456,43.71586681],[141.55272132,43.71571961],[141.55249187,43.7153369],[141.55215725,43.71460513],[141.55191824,43.71447896],[141.5514211,43.71421401],[141.55077099,43.71379345],[141.55057022,43.71369672],[141.55038857,43.71365887],[141.55009219,43.71352008],[141.54999659,43.71348644],[141.5497289,43.7133855],[141.54937516,43.7133098],[141.5490501,43.71326775],[141.54868681,43.71333083],[141.54825659,43.71347803],[141.54774988,43.71368831],[141.54731966,43.71388176],[141.5469468,43.71397849],[141.5467556,43.71400373],[141.54640186,43.71402475],[141.54615329,43.71401634],[141.54569439,43.713907],[141.54496779,43.7137556],[141.54484351,43.71373036],[141.54431768,43.71360419],[141.54384922,43.71342756],[141.54331383,43.71318784],[141.54292185,43.71304905],[141.54250119,43.71292709],[141.5418702,43.71274205],[141.54166943,43.71266214],[141.54137306,43.71255279],[141.54091416,43.71241821],[141.54043614,43.71229625],[141.53983383,43.71221214],[141.53926976,43.71215747],[141.5387535,43.71214064],[141.53825635,43.71215747],[141.53776877,43.71228364],[141.53733855,43.71235093],[141.53685097,43.71255279],[141.53606701,43.71277569],[141.53530217,43.71303223],[141.53513965,43.71308691],[141.53455646,43.71324672],[141.5344991,43.71325092],[141.534088,43.71329298],[141.53351437,43.7132341],[141.53333272,43.71323831],[141.53252008,43.71325513],[141.53187953,43.7133056],[141.53135371,43.71333924],[141.53072272,43.71328457],[141.52965195,43.71316681],[141.52886799,43.71309532],[141.52829436,43.71313737],[141.52800755,43.71313737],[141.52757733,43.7130827],[141.52713755,43.71301962],[141.52689854,43.71305747],[141.52666908,43.71312896],[141.52644919,43.71328036],[141.5260859,43.71356214],[141.52592337,43.71367569],[141.52545491,43.71402475],[141.52507249,43.71421401],[141.52499601,43.71427709],[141.52487172,43.71440326],[141.52474743,43.71457989],[141.52462315,43.71470606],[141.52441282,43.71484485],[141.52435546,43.71487849],[141.52404952,43.71504251],[141.52392523,43.71516447],[141.52377227,43.71530326],[141.52344721,43.71551354],[141.52328468,43.71561868],[141.52315084,43.71567335],[141.52304567,43.71566073],[141.52302655,43.71559344],[141.52309348,43.71541681],[141.5232082,43.71524017],[141.52331337,43.71513503],[141.52348545,43.71502569],[141.52353326,43.7148827],[141.52343765,43.71465139],[141.52335161,43.7144369],[141.52332293,43.71417616],[141.52344721,43.71388176],[141.52369578,43.71373036],[141.524126,43.71358317],[141.52432677,43.71352849],[141.52447974,43.71348644],[141.52464227,43.71332662],[141.52475699,43.7130827],[141.52479524,43.71299018],[141.52493864,43.71275466],[141.52499601,43.71251494],[141.5249482,43.71220373],[141.5248526,43.71183784],[141.52483348,43.71169906],[141.52488128,43.71150139],[141.52499601,43.71121121],[141.52502469,43.71115233],[141.52511073,43.71096308],[141.52528282,43.71029859],[141.52527326,43.70991588],[141.52512985,43.70969298],[141.52500557,43.70934392],[141.52499601,43.70921355],[141.52497688,43.70889813],[141.52499601,43.70867523],[141.52503425,43.70835981],[141.52503425,43.70833458],[141.52501513,43.70811588],[141.52499601,43.70806962],[141.52491952,43.70787196],[141.52478568,43.70771215],[141.52442238,43.70746822],[141.52395392,43.70713177],[141.52316996,43.70656402],[141.52266326,43.70622336],[141.52230952,43.70608878],[141.52204183,43.70603411],[141.52176457,43.70586589],[141.52165941,43.70567663],[141.52159248,43.7055042],[141.521516,43.70535701],[141.52147776,43.70524766],[141.52149688,43.7049028],[141.52137259,43.70468832],[141.5211049,43.70446963],[141.52088501,43.7043771],[141.52052171,43.70404907],[141.5203305,43.7039229],[141.52019666,43.70383458],[141.51997677,43.70365374],[141.5197282,43.70352757],[141.51926929,43.70344767],[141.51892512,43.70343925],[141.5186383,43.70343505],[141.51835149,43.70339299],[141.51798819,43.70328365],[141.51747193,43.70301869],[141.51720424,43.70290935],[141.51715643,43.70289253],[141.5169461,43.7028715],[141.51666885,43.7028757],[141.51660193,43.7028757],[141.51637248,43.7028757],[141.51610478,43.70281262],[141.51562676,43.70263178],[141.51539731,43.70264019],[141.51513918,43.70265281],[141.51482368,43.70261075],[141.51445083,43.70250141],[141.51426918,43.70239626],[141.51416401,43.70224486],[141.51412577,43.70210608],[141.51411621,43.70190421],[141.5139728,43.70177384],[141.51400149,43.70156776],[141.51408753,43.7012944],[141.51403017,43.70105468],[141.5138772,43.7008486],[141.51381028,43.700693],[141.51375291,43.70046589],[141.51366687,43.7003187],[141.51345654,43.70015888],[141.51327489,43.69999907],[141.51319841,43.69993178],[141.51294984,43.69978459],[141.51275863,43.69966262],[141.51256742,43.69947337],[141.51241445,43.69933459],[141.5122328,43.69922945],[141.51210852,43.69900655],[141.5118217,43.69875001],[141.51150621,43.69856917],[141.51130544,43.69848926],[141.51102818,43.69850188],[141.51068401,43.69861963],[141.50992873,43.69892664],[141.50963236,43.69909066],[141.50954631,43.69914113],[141.50945071,43.6991958],[141.5091639,43.69925047],[141.50864763,43.69928833],[141.50833214,43.6993472],[141.50809313,43.69939347],[141.50757686,43.6994944],[141.50717532,43.69955748],[141.50670686,43.69962057],[141.50622884,43.69963318],[141.50588466,43.6996416],[141.50568389,43.69959533],[141.50544488,43.69939347],[141.50503378,43.69882991],[141.50484257,43.69858178],[141.50447927,43.69825375],[141.50393433,43.69780375],[141.50351367,43.69747992],[141.50315993,43.69732851],[141.50270103,43.69718973],[141.50240466,43.69713506],[141.5021274,43.6970173],[141.50165894,43.69673552],[141.50134345,43.69664721],[141.50093235,43.69653366],[141.5007029,43.69638225],[141.50060729,43.69631496],[141.50053081,43.69620141],[141.5003396,43.69601637],[141.50031092,43.69598272],[141.49999542,43.69586917],[141.49999542,43.69586496],[141.49944092,43.69563366],[141.49838927,43.69527618],[141.49768179,43.69500702],[141.49733762,43.69485141],[141.49706992,43.69471684],[141.49675443,43.69443506],[141.4964963,43.69417852],[141.49639113,43.69407338],[141.49626685,43.69395142],[141.49596091,43.69350983],[141.49571234,43.69322805],[141.49542553,43.69292525],[141.49476585,43.69238693],[141.49468937,43.69232385],[141.49432607,43.69199161],[141.49380981,43.69166777],[141.49380025,43.69166777],[141.49359948,43.69159628],[141.49333179,43.6915374],[141.49324574,43.69139441],[141.49308321,43.69089815],[141.49286332,43.69044394],[141.49275816,43.69021684],[141.49250003,43.68959021],[141.49231838,43.68919488],[141.49223233,43.68879535],[141.49223233,43.68844628],[141.49196464,43.687786],[141.49166827,43.68705423],[141.4915153,43.68667993],[141.49136233,43.6862846],[141.49138145,43.68607012],[141.49143882,43.68582199],[141.49137189,43.68544769],[141.49127629,43.68519535],[141.49093211,43.68478741],[141.49062618,43.68444255],[141.49012903,43.6845561],[141.489412,43.68469068],[141.48906782,43.68473274],[141.48869497,43.68474956],[141.48815002,43.68475797],[141.48747123,43.68489675],[141.48728002,43.68496404],[141.48712705,43.68501872],[141.48641002,43.68532152],[141.48596068,43.68556965],[141.48557826,43.68576731],[141.4847943,43.68606591],[141.48436408,43.68625516],[141.48366617,43.68640657],[141.48333155,43.68650329],[141.48314034,43.68655797],[141.48309254,43.68657479],[141.48252848,43.68675143],[141.48215562,43.68694488],[141.48141946,43.68737385],[141.4809988,43.68764722],[141.48039649,43.6878575],[141.47999496,43.68797526],[141.47992803,43.68806778],[141.47987067,43.68835797],[141.47974638,43.6886061],[141.47958386,43.68888787],[141.47931616,43.68915703],[141.47892418,43.68952712],[141.47856089,43.68977946],[141.4784366,43.68984254],[141.47798726,43.69007385],[141.4776144,43.69024628],[141.47741363,43.69038086],[141.47723198,43.69060376],[141.47711726,43.69088974],[141.47695473,43.69107899],[141.47662968,43.69144067],[141.47652451,43.69156684],[141.47642891,43.69166777],[141.47620902,43.69190329],[141.47590308,43.69215983],[141.47525297,43.69257618],[141.47502352,43.69271917],[141.4750044,43.69272338],[141.47457418,43.69285375],[141.47387627,43.69303039],[141.47343648,43.69314394],[141.47308275,43.69318179],[141.47269077,43.6932617],[141.47248044,43.69342572],[141.4723944,43.6935645],[141.47236571,43.69372852],[141.4724422,43.69392618],[141.47262385,43.69428366],[141.47282462,43.69466637],[141.47295846,43.69502805],[141.47297758,43.69518786],[141.47295846,43.69531403],[141.47275769,43.69546964],[141.47251868,43.69565468],[141.47235615,43.69583553],[141.47218407,43.69601216],[141.47195461,43.69630235],[141.47169648,43.69676917],[141.47147659,43.69718973],[141.47124714,43.6976187],[141.47108461,43.69797618],[141.47083604,43.69840515],[141.47054923,43.69867431],[141.47031022,43.69888038],[141.47016681,43.69909066],[141.47008077,43.69935982],[141.46995648,43.69956169],[141.46974615,43.69978879],[141.46942109,43.69999487],[141.46941153,43.69999907],[141.4691056,43.70020935],[141.46896219,43.70042804],[141.46886659,43.70065094],[141.46871362,43.70078131],[141.46821648,43.70100842],[141.4674612,43.70135748],[141.46666768,43.70177384],[141.46665812,43.70177804],[141.46620878,43.70198832],[141.46531966,43.70225748],[141.4653101,43.70225748],[141.46490856,43.70234159],[141.46459307,43.70235421],[141.46427757,43.70224486],[141.46401944,43.70203458],[141.46377087,43.7018958],[141.46340757,43.70166449],[141.46296779,43.7014458],[141.46262361,43.70133645],[141.46234636,43.70130281],[141.46167713,43.70128178],[141.46067328,43.70121029],[141.45993713,43.70120608],[141.45879943,43.7012986],[141.45833097,43.70131122],[141.45724108,43.70134486],[141.45595042,43.7012986],[141.45530031,43.70122711],[141.4546502,43.70117243],[141.45447811,43.70115982],[141.45403833,43.70104627],[141.4535603,43.70086963],[141.45338822,43.7008444],[141.45309184,43.70089907],[141.45251821,43.70108832],[141.45232701,43.70115982],[141.45169602,43.70137851],[141.45082601,43.70169814],[141.45025239,43.70190421],[141.45000382,43.70196729],[141.44993689,43.70198412],[141.44942063,43.70203038],[141.44898085,43.70204299],[141.44854107,43.70207664],[141.44818733,43.7021229],[141.44790052,43.70221542],[141.44744161,43.70242991],[141.44713568,43.7025729],[141.44619876,43.70280421],[141.44551996,43.7029514],[141.44435359,43.7031701],[141.44417194,43.70320795],[141.44396161,43.70325],[141.44355051,43.70333832],[141.44319677,43.70338038],[141.44236501,43.70338879],[141.44180095,43.7034014],[141.4416671,43.70343084],[141.44153325,43.70346028],[141.44127512,43.70348552],[141.44022347,43.70358645],[141.43935347,43.70370421],[141.43901886,43.70375888],[141.43882765,43.70383038],[141.43876072,43.70396916],[141.438646,43.70421309],[141.43854083,43.70460421],[141.43854083,43.70488598],[141.43856951,43.70511729],[141.43872248,43.70557991],[141.43883721,43.70592897],[141.4390571,43.70642944],[141.43914314,43.70674065],[141.43917182,43.70699719],[141.43911446,43.70719486],[141.4387894,43.70747243],[141.4382349,43.70792663],[141.43813929,43.70800233],[141.43775688,43.70833458],[141.43738402,43.7086542],[141.43703028,43.70891915],[141.43671479,43.70912943],[141.43644709,43.70922616],[141.43638017,43.7092514],[141.43563446,43.70933971],[141.43481226,43.70942383],[141.43411434,43.70952476],[141.433665,43.70968878],[141.43333039,43.70986962],[141.43332083,43.70987383],[141.43297665,43.71010093],[141.43272808,43.710307],[141.43256555,43.71042055],[141.43225005,43.71051308],[141.43167643,43.71065186],[141.43123665,43.71070233],[141.43037621,43.710757],[141.42984082,43.71076541],[141.42948708,43.71071915],[141.42894214,43.71054672],[141.42848324,43.71035747],[141.4282251,43.71026074],[141.42792873,43.71014719],[141.42768972,43.71002943],[141.42745071,43.7098528],[141.4272117,43.7097813],[141.42698225,43.70976448],[141.42671455,43.7097813],[141.42622697,43.70989065],[141.42569158,43.70995373],[141.42513708,43.70994532],[141.42500323,43.70996214],[141.42449653,43.71002102],[141.42410455,43.71008831],[141.42369345,43.71018083],[141.42330147,43.71035326],[141.42256532,43.71060139],[141.42199169,43.71085794],[141.42154235,43.71099252],[141.42092092,43.71108504],[141.4204907,43.71110186],[141.42006048,43.71103878],[141.41923828,43.71077803],[141.41895147,43.71071495],[141.41862641,43.71076121],[141.41829179,43.71085373],[141.41775641,43.71103878],[141.41768949,43.71105981],[141.41733575,43.71119859],[141.41717322,43.71137523],[141.41707762,43.71161915],[141.41691509,43.71208177],[141.41680992,43.71251074],[141.41666652,43.71280092],[141.41663784,43.71286821],[141.41651355,43.7130827],[141.4162841,43.71331821],[141.4157774,43.7137556],[141.41543322,43.71404578],[141.41527069,43.71421821],[141.41486915,43.71481541],[141.41470662,43.7151098],[141.41445805,43.71544625],[141.41424772,43.71575326],[141.41399915,43.71610232],[141.41376014,43.71634625],[141.41356893,43.71659017],[141.41354025,43.71666587],[141.41347333,43.71682569],[141.41345421,43.71703176],[141.41354981,43.71737662],[141.41358805,43.71763316],[141.41351157,43.71781821],[141.41337772,43.7179654],[141.41310047,43.71815045],[141.41265113,43.71839438],[141.41246948,43.71848269],[141.41226871,43.71857522],[141.41190541,43.71874765],[141.41172376,43.71889484],[141.41167596,43.71899578],[141.4117142,43.71936166],[141.41180025,43.71973176],[141.41195321,43.72002615],[141.41211574,43.72046774],[141.41225915,43.72077895],[141.41229739,43.72102288],[141.41229739,43.72118269],[141.4121731,43.72144764],[141.41204882,43.72174203],[141.41201058,43.72190605],[141.4120297,43.72206166],[141.4121731,43.7222383],[141.4124408,43.72249904],[141.41254596,43.72272194],[141.41254596,43.72291119],[141.41263201,43.72313409],[141.41277541,43.72327708],[141.41297618,43.72341166],[141.41328212,43.72369343],[141.41350201,43.72389951],[141.41359761,43.72409717],[141.4137219,43.72442521],[141.4137697,43.72464811],[141.41380794,43.72500138],[141.41383662,43.72529997],[141.41394179,43.72616212],[141.41394179,43.72635137],[141.41387487,43.72655324],[141.41385574,43.72657427],[141.41371234,43.72677193],[141.41350201,43.72701586],[141.41323431,43.72722193],[141.41300486,43.72736072],[141.41267981,43.72747006],[141.41228783,43.72759623],[141.41175244,43.72771399],[141.41153255,43.72778548],[141.41121706,43.72795791],[141.41105453,43.72808408],[141.41101629,43.72811352],[141.41092069,43.72823969],[141.41088244,43.72842474],[141.41081552,43.7290766],[141.41070079,43.72971165],[141.41059563,43.7299724],[141.4104809,43.73014483],[141.4103375,43.73030885],[141.41012717,43.73055277],[141.4098786,43.73075043],[141.40954398,43.73097754],[141.40935277,43.73117099],[141.40916156,43.73144015],[141.40897035,43.73173875],[141.4087887,43.73210884],[141.40871222,43.73233595],[141.40865486,43.73263875],[141.40861662,43.73292894],[141.40844453,43.73333267],[141.40842541,43.73338314],[141.4083298,43.73361445],[141.40831068,43.73366912],[141.408282,43.73374903],[141.40806211,43.7341023],[141.40795694,43.73437146],[141.40780398,43.7349266],[141.40757453,43.73551118],[141.40732596,43.73606632],[141.40711563,43.73641117],[141.40694354,43.73662987],[141.40680013,43.73679388],[141.4066376,43.73697052],[141.40639859,43.73724809],[141.40591101,43.73745416],[141.40562419,43.73755089],[141.40527046,43.7377065],[141.40498364,43.73778641],[141.40470639,43.73778641],[141.40446738,43.73775276],[141.40390331,43.73776117],[141.40295683,43.73777379],[141.40244056,43.7377822],[141.40201034,43.73780323],[141.40150364,43.73793781],[141.40121683,43.73797566],[141.40092045,43.73799669],[141.40049979,43.73802192],[141.40034682,43.73801351],[141.40000265,43.7380051],[141.39973496,43.73799669],[141.39932386,43.73791678],[141.39875979,43.73787052],[141.39814792,43.73780743],[141.3977177,43.73773173],[141.39745001,43.73773173],[141.39715363,43.737778],[141.39671385,43.73783687],[141.39629319,43.73783687],[141.39593946,43.73778641],[141.39567176,43.73768127],[141.39548055,43.73761398],[141.39523198,43.73756351],[141.39473484,43.73750043],[141.39425682,43.73754669],[141.3938266,43.73756351],[141.39324341,43.73760136],[141.39295659,43.73756351],[141.39274626,43.73747519],[141.39252637,43.73734482],[141.39234473,43.7371808],[141.39206747,43.73704201],[141.39179978,43.73686538],[141.39166593,43.73678547],[141.39105406,43.73640276],[141.3905856,43.7361294],[141.39006934,43.73585603],[141.3900311,43.73583501],[141.38964868,43.73563314],[141.38921846,43.73542706],[141.38868307,43.73524202],[141.38812857,43.73498127],[141.38783219,43.73479622],[141.38757406,43.73459856],[141.38725857,43.73430417],[141.38700999,43.73406024],[141.38678054,43.73382473],[141.38670406,43.73377006],[141.38647461,43.73373221],[141.3863312,43.73369856],[141.38616867,43.73358922],[141.38584362,43.73336632],[141.38579582,43.73333267],[141.38522219,43.73289529],[141.38498318,43.7326766],[141.38461032,43.73242006],[141.38425658,43.73215931],[141.38396977,43.73202053],[141.38366383,43.73188174],[141.38332922,43.73175557],[141.38322405,43.73171772],[141.3825357,43.73157473],[141.3821246,43.73150324],[141.38183779,43.7313981],[141.38147449,43.73129296],[141.38117812,43.73116258],[141.38095823,43.73105324],[141.38067141,43.73091445],[141.38047064,43.73078828],[141.38027943,43.73066212],[141.38000218,43.73041819],[141.37962932,43.73002707],[141.37942855,43.72976632],[141.37930427,43.7296738],[141.37913218,43.7296023],[141.37895053,43.72959389],[141.3786924,43.72956445],[141.37846295,43.7295224],[141.37773635,43.72947193],[141.37702888,43.72941726],[141.37599635,43.72931212],[141.37516459,43.7292238],[141.37500206,43.72920277],[141.37432327,43.72911445],[141.37364448,43.72896305],[141.37328118,43.72882427],[141.37265019,43.72850044],[141.37236338,43.72829436],[141.37200008,43.72803782],[141.37169415,43.72776446],[141.37150294,43.72765091],[141.37135953,43.72761305],[141.37127349,43.72762147],[141.37089107,43.72772661],[141.37066162,43.72783175],[141.37031744,43.72789904],[141.36923711,43.72826072],[141.36900766,43.72835324],[141.36859656,43.72848782],[141.36819502,43.7285467],[141.366847,43.72894203],[141.36666535,43.72897146],[141.36624469,43.72904717],[141.36534601,43.72916072],[141.36495403,43.72925745],[141.3646959,43.72932473],[141.36441864,43.72934576],[141.36402667,43.72942567],[141.36351996,43.72953922],[141.36245875,43.72979156],[141.36225798,43.72985464],[141.3618182,43.7300523],[141.36127326,43.73022053],[141.3608526,43.7303467],[141.36076655,43.73035931],[141.36036501,43.73043081],[141.3596193,43.730578],[141.35877798,43.73069997],[141.35832864,43.73079249],[141.35824259,43.73080931],[141.3576116,43.7308724],[141.35713358,43.73098174],[141.35653127,43.73112894],[141.35601501,43.73130557],[141.35545094,43.73156632],[141.35478171,43.73189015],[141.35428456,43.73213408],[141.35393083,43.73227286],[141.35336676,43.73258408],[141.35286006,43.73294155],[141.3524872,43.73323174],[141.35235335,43.73333267],[141.35210478,43.73353454],[141.35178929,43.73370277],[141.35138775,43.73375323],[141.350795,43.73377426],[141.35076632,43.73377426],[141.35020225,43.73370277],[141.35000148,43.73371118],[141.34964774,43.733728],[141.34907412,43.73375323],[141.34860566,43.7337995],[141.34836664,43.73386258],[141.34809895,43.73390884],[141.34772609,43.7338794],[141.34724807,43.73386679],[141.34700906,43.73391725],[141.34662664,43.73406445],[141.34620598,43.734253699999996],[141.34595741,43.73434622],[141.34563235,43.73450604],[141.3454029,43.73458594],[141.34506829,43.73469949],[141.34469543,43.73483407],[141.3444851,43.73497706],[141.34425565,43.73518734],[141.34401664,43.73539342],[141.34394015,43.73550697],[141.34389235,43.73559108],[141.34386367,43.73571725],[141.34380631,43.73599061],[141.34369158,43.73609575],[141.34357686,43.73616304],[141.3432996,43.73615463],[141.34300323,43.73616304],[141.3427451,43.73618407],[141.34252521,43.73621351],[141.34251565,43.73621351],[141.34232444,43.73624716],[141.34195158,43.73631445],[141.34166477,43.73639856],[141.34163609,43.73640697],[141.34126323,43.73655837],[141.34107202,43.73666351],[141.34097641,43.73671398],[141.3406896,43.73681071],[141.34035498,43.736878],[141.33999169,43.73694108],[141.3397718,43.73697052],[141.33962839,43.73696211],[141.3393129,43.73691164],[141.33912169,43.73693267],[141.33903564,43.73696631],[141.3385385,43.73715977],[141.33828037,43.73722706],[141.33799355,43.73730276],[141.33773542,43.73739108],[141.33798399,43.73750884],[141.33811784,43.73767286],[141.3381752,43.73780323],[141.33865322,43.73888407],[141.33872971,43.7390607],[141.33876795,43.73921631],[141.33878707,43.73930883],[141.33878707,43.73936771],[141.33878707,43.73943921],[141.33880619,43.73948547],[141.33883487,43.73955276],[141.33887311,43.73962005],[141.33893048,43.73971678],[141.33919817,43.74002379],[141.33937026,43.73991024],[141.33946586,43.73984295],[141.33949454,43.73977986],[141.33958059,43.73984295],[141.33967619,43.73992285],[141.3397718,43.74000276],[141.33963795,43.74002379],[141.33932246,43.74026771],[141.33968575,43.74097005],[141.33932246,43.74166818],[141.33930333,43.74169341],[141.33928421,43.74172706],[141.33927465,43.74178173],[141.33927465,43.74182378],[141.33928421,43.74187005],[141.33930333,43.74191631],[141.33935114,43.74197939],[141.34139707,43.74474247],[141.34161696,43.74539855],[141.34166477,43.74539013],[141.34179861,43.7453649],[141.34166477,43.7449864],[141.34156916,43.74470883],[141.34083301,43.74372892],[141.34079477,43.74374154],[141.34055575,43.74342612],[141.34060356,43.7434135],[141.33946586,43.7419079],[141.33941806,43.74172706],[141.3394563,43.74166818],[141.33949454,43.74158827],[141.33978136,43.74166818],[141.34031674,43.74181537],[141.34067048,43.74167659],[141.34066092,43.74166818],[141.34063224,43.74162612],[141.34052707,43.74166818],[141.34031674,43.74175229],[141.34000125,43.74166818],[141.33959015,43.74155042],[141.33989608,43.74097425],[141.3402307,43.74084388],[141.34025938,43.740785],[141.34046015,43.74070089],[141.3410529,43.74144949],[141.34108158,43.74148313],[141.34101466,43.74151257],[141.34112938,43.74166818],[141.34166477,43.74233687],[141.34182729,43.74253874],[141.34166477,43.74260603],[141.34107202,43.74284995],[141.34122499,43.7430392],[141.34166477,43.74285416],[141.34198026,43.74272378],[141.34260169,43.74351023],[141.34196114,43.74377939],[141.34200894,43.74384247],[141.34358642,43.74318219],[141.34364378,43.74323266],[141.34374895,43.7433336],[141.34385411,43.74344294],[141.34406444,43.74362799],[141.34430345,43.74385088],[141.34446598,43.74400229],[141.3445807,43.74412425],[141.34468587,43.74425883],[141.34481972,43.74445649],[141.34500136,43.74474247],[141.34508741,43.74488967],[141.34520213,43.74520088],[141.34546983,43.74576023],[141.34555587,43.74599574],[141.34552719,43.74602939],[141.34565148,43.74652985],[141.34574708,43.7468621],[141.34582356,43.74697985],[141.34590961,43.74713967],[141.34607214,43.74732471],[141.34655972,43.7479135],[141.34665532,43.74801443],[141.34682741,43.74822051],[141.34720027,43.74872938],[141.34726719,43.74880929],[141.34785994,43.74947377],[141.34815631,43.74999947],[141.34834752,43.75034854],[141.34868214,43.75089106],[141.34894027,43.75126536],[141.34899763,43.75141676],[141.34916972,43.75187097],[141.34920796,43.75197611],[141.34924621,43.75205181],[141.34947566,43.75268265],[141.34953302,43.7528677],[141.34955214,43.75291816],[141.34965731,43.7531747],[141.34977203,43.75340181],[141.35000148,43.75372984],[141.35001104,43.75373825],[141.3503361,43.75415461],[141.35048906,43.75409573],[141.35056555,43.75417143],[141.35068027,43.75428498],[141.35050819,43.7543691],[141.35075676,43.75462143],[141.35101489,43.75484012],[141.35133038,43.75505461],[141.3517128,43.7552733],[141.35211434,43.75548358],[141.35237247,43.75560134],[141.35296522,43.75600928],[141.35395951,43.75664012],[141.35415072,43.75675788],[141.35447577,43.75698498],[141.35439929,43.7570733],[141.35432281,43.75712376],[141.35429412,43.75716582],[141.354275,43.75721629],[141.35430369,43.75729199],[141.35418896,43.75732984],[141.35412204,43.75742657],[141.35404555,43.75748965],[141.35401687,43.75753591],[141.35399775,43.75757797],[141.35402643,43.75764105],[141.35399775,43.75773778],[141.35401687,43.75779666],[141.35401687,43.75782189],[141.35396907,43.75788077],[141.35396907,43.75800694],[141.35393083,43.75803638],[141.35391171,43.75807423],[141.35390215,43.75811208],[141.35396907,43.75814993],[141.35411248,43.75822563],[141.35416984,43.75823404],[141.35423676,43.75822984],[141.35429412,43.75824666],[141.35435149,43.75823825],[141.35443753,43.75819199],[141.35455226,43.75819619],[141.3546383,43.75817937],[141.35470522,43.75814993],[141.35474347,43.75804479],[141.35474347,43.75799012],[141.35474347,43.75795647],[141.35481039,43.75789339],[141.35489643,43.75787236],[141.35510676,43.75781348],[141.35537446,43.75778825],[141.35547006,43.75780087],[141.35556566,43.7578261],[141.35571863,43.75769573],[141.35615841,43.75792703],[141.35625402,43.75793545],[141.35640698,43.75801115],[141.35655039,43.75811208],[141.35662688,43.75815414],[141.35696149,43.75828031],[141.35707622,43.75832657],[141.3571049,43.75833498],[141.35718138,43.75836442],[141.3572483,43.75841488],[141.35730567,43.75846115],[141.35734391,43.75852002],[141.35738215,43.75860834],[141.35740127,43.75869666],[141.35743951,43.7587303],[141.35755424,43.75879339],[141.3575638,43.75889012],[141.3575638,43.75891115],[141.3575638,43.75892376],[141.35755424,43.75898685],[141.35755424,43.75900367],[141.35759248,43.75907937],[141.35762116,43.7591046],[141.35776457,43.75919292],[141.35783149,43.75924759],[141.35785061,43.7592518],[141.35787929,43.75924759],[141.35794622,43.75923918],[141.3579749,43.75923918],[141.35801314,43.75924339],[141.35803226,43.7592518],[141.35806094,43.75926442],[141.35813743,43.75929806],[141.35818523,43.75931068],[141.35827127,43.75932329],[141.35829995,43.7593275],[141.35832864,43.75934432],[141.35832864,43.75934853],[141.35840512,43.75939479],[141.35844336,43.75941161],[141.3584816,43.75941582],[141.35855809,43.75939479],[141.35862501,43.75933591],[141.35867281,43.75936114],[141.35876842,43.75938638],[141.35873974,43.75944105],[141.35873974,43.75949152],[141.35878754,43.75954199],[141.3588927,43.75960086],[141.35897875,43.75961348],[141.35904567,43.7596261],[141.35910303,43.75964292],[141.35967666,43.7600046],[141.35989655,43.76013918],[141.35994435,43.76017283],[141.36006864,43.76030741],[141.36011644,43.76035787],[141.36025985,43.76044198],[141.36031721,43.76050507],[141.36034589,43.76058077],[141.36040325,43.76062703],[141.36046062,43.76066909],[141.36064227,43.76079105],[141.3608526,43.76094666],[141.3610438,43.76111909],[141.36108205,43.76116535],[141.36113941,43.76124105],[141.36117765,43.76133357],[141.36120633,43.76137563],[141.36124457,43.76141348],[141.36134018,43.76148077],[141.3613593,43.76151862],[141.3613593,43.76156488],[141.36141666,43.76167002],[141.36154095,43.7618803],[141.36159831,43.76193497],[141.36164611,43.761956],[141.36189468,43.76193077],[141.3621337,43.76232189],[141.36216238,43.76231348],[141.36244919,43.76281394],[141.36241095,43.76299058],[141.36244919,43.76333544],[141.36244919,43.76334806],[141.36246831,43.76364245],[141.36252567,43.76378123],[141.36266908,43.76423544],[141.36283161,43.764656],[141.36282205,43.76468123],[141.36279337,43.7647359],[141.36281249,43.76486628],[141.36280293,43.76492095],[141.36276469,43.76498824],[141.36276469,43.76509759],[141.36276469,43.76515226],[141.36276469,43.76520693],[141.362736,43.76523217],[141.36267864,43.76524899],[141.3625926,43.7652574],[141.36250655,43.76526581],[141.36243963,43.76529525],[141.36238227,43.7653331],[141.36231534,43.76538777],[141.3623249,43.7654088],[141.36237271,43.76542562],[141.36246831,43.76542562],[141.3625926,43.76542562],[141.36263084,43.76545086],[141.36266908,43.76547188],[141.36270732,43.76547609],[141.36271688,43.76548871],[141.36271688,43.76550974],[141.36266908,43.76553917],[141.3625926,43.76558964],[141.36256392,43.76560646],[141.36255436,43.7656359],[141.36256392,43.76565273],[141.36262128,43.76566114],[141.36266908,43.76566114],[141.362736,43.76566114],[141.36281249,43.76565273],[141.36303238,43.76559805],[141.36329051,43.76618684],[141.36337655,43.76619104],[141.36337655,43.76625413],[141.36335743,43.76633403],[141.36331919,43.76647702],[141.36325227,43.76666628],[141.36320447,43.7668345],[141.36316622,43.76697749],[141.36315666,43.76712889],[141.36317579,43.76759151],[141.36317579,43.76763777],[141.36318535,43.76767983],[141.36325227,43.76838216],[141.36328095,43.76851253],[141.36333831,43.76865553],[141.36342436,43.7687901],[141.36350084,43.76889945],[141.36362513,43.76906767],[141.36361557,43.76910973],[141.36357732,43.76918123],[141.36356776,43.7692401],[141.36354864,43.76929478],[141.36344348,43.7693158],[141.36338612,43.76933263],[141.36333831,43.76936207],[141.36330963,43.76942936],[141.36324271,43.769463],[141.36322359,43.76949244],[141.36321403,43.76954711],[141.36324271,43.76958076],[141.36316622,43.76957655],[141.36311842,43.76958076],[141.36308018,43.76959337],[141.36308018,43.76963123],[141.36302282,43.76966487],[141.36301326,43.76969851],[141.36306106,43.76974057],[141.3630993,43.7697616],[141.36316622,43.7697616],[141.36332875,43.76972375],[141.36339568,43.76972375],[141.36347216,43.76975319],[141.36351996,43.76982889],[141.36360601,43.76987515],[141.36368249,43.76988777],[141.36373985,43.76993403],[141.36378765,43.76995926],[141.3638737,43.76997608],[141.36395018,43.76998029],[141.36404579,43.76995506],[141.36412227,43.7699845],[141.36417963,43.76999711],[141.36424656,43.76999711],[141.36436128,43.76995926],[141.36441864,43.7699845],[141.36448557,43.7699887],[141.36454293,43.76998029],[141.36463853,43.76990879],[141.36475326,43.76987094],[141.36482974,43.76992982],[141.36489667,43.76993823],[141.36507832,43.76992141],[141.3652026,43.77003917],[141.36533645,43.77015693],[141.36563282,43.77047235],[141.36590051,43.77076253],[141.36600568,43.77090552],[141.36647414,43.77146907],[141.36666535,43.77170038],[141.36675139,43.77180552],[141.36707645,43.772163],[141.36738238,43.772613],[141.36775524,43.77327748],[141.36791777,43.77363075],[141.36789865,43.77363916],[141.36795601,43.77379057],[141.36798469,43.77397982],[141.36805162,43.77428262],[141.36799425,43.77428683],[141.36802293,43.77448028],[141.36795601,43.77453916],[141.36795601,43.77475785],[141.36796557,43.77481673],[141.36798469,43.77485038],[141.36803249,43.77488402],[141.36797513,43.77496813],[141.36789865,43.77498496],[141.36790821,43.77500178],[141.36807074,43.77542234],[141.36720074,43.77620879],[141.36711469,43.77614991],[141.36696172,43.77608682],[141.36680876,43.77602795],[141.36675139,43.77600271],[141.36666535,43.77597748],[141.36662711,43.77596486],[141.3664837,43.77594383],[141.3664359,43.77593963],[141.36635942,43.77589757],[141.36630205,43.77589337],[141.36627337,43.77593122],[141.36632117,43.77596907],[141.36636898,43.77599851],[141.36637854,43.77602374],[141.36642634,43.77603215],[141.36646458,43.77603636],[141.36649326,43.77604477],[141.36650282,43.77607421],[141.36650282,43.77608262],[141.36644546,43.77612888],[141.36640722,43.7761415],[141.36626381,43.77617935],[141.36619689,43.77620038],[141.36606304,43.77624664],[141.36603436,43.77625925],[141.36598656,43.77625925],[141.36595788,43.77627608],[141.36595788,43.77631393],[141.36596744,43.77635178],[141.36595788,43.77642327],[141.36593876,43.77645692],[141.36594832,43.77648215],[141.36585271,43.77655785],[141.36575711,43.77664196],[141.36569974,43.77669243],[141.36567106,43.77672608],[141.36554678,43.77676813],[141.36547029,43.77683122],[141.36543205,43.77686907],[141.36537469,43.77691112],[141.36534601,43.77694056],[141.36535557,43.7769658],[141.36542249,43.77700785],[141.36545117,43.77702047],[141.36548941,43.77701206],[141.36563282,43.77697421],[141.36582403,43.77688589],[141.36589095,43.77685645],[141.36598656,43.77685645],[141.3661204,43.7768186],[141.36615865,43.77680178],[141.36623513,43.7767471],[141.36626381,43.77671766],[141.36625425,43.7766672],[141.36626381,43.77662935],[141.36630205,43.77660832],[141.36634986,43.77662935],[141.36637854,43.77665879],[141.36642634,43.77665037],[141.3664837,43.77660411],[141.36651238,43.77657888],[141.36660799,43.77654523],[141.36666535,43.77653262],[141.36680876,43.77650738],[141.36695216,43.77652421],[141.36716249,43.77646533],[141.36724854,43.77659991],[141.36807074,43.77754196],[141.36816634,43.7774957],[141.36810898,43.77742421],[141.36739194,43.77660832],[141.36731546,43.77650318],[141.36755447,43.77635598],[141.36754491,43.77622981],[141.36752579,43.7762172],[141.36821414,43.77559056],[141.36855832,43.77586813],[141.36848184,43.7759186],[141.36914151,43.77645692],[141.36829063,43.77700365],[141.36831931,43.77703308],[141.36934228,43.77638122],[141.3695048,43.77654103],[141.36982986,43.7768943],[141.36990634,43.77699523],[141.37004975,43.7773443],[141.37017404,43.77745364],[141.3702314,43.77753776],[141.37030788,43.77766813],[141.37043217,43.77794149],[141.37045129,43.77795832],[141.37068074,43.77878682],[141.37069986,43.77898869],[141.3706903,43.77910224],[141.37067118,43.77915691],[141.37065206,43.77919476],[141.37012623,43.78005691],[141.37004975,43.78006953],[141.37002107,43.78008635],[141.36995415,43.78013261],[141.3699159,43.78015364],[141.36984898,43.78015785],[141.36978206,43.78014944],[141.36974382,43.78014102],[141.36968645,43.78014102],[141.36964821,43.78015785],[141.36960041,43.78020411],[141.36956217,43.78021252],[141.36946656,43.78020411],[141.36942832,43.78021252],[141.36938052,43.78022934],[141.36933272,43.78025878],[141.36922755,43.78029663],[141.36916063,43.78031345],[141.36906502,43.78036392],[141.36902678,43.78040598],[141.3689981,43.78047327],[141.36901722,43.78051112],[141.36905546,43.78057],[141.36907458,43.78059944],[141.36910327,43.78060785],[141.36914151,43.78060364],[141.36924667,43.78057841],[141.36929447,43.78058261],[141.3693614,43.78058682],[141.36941876,43.78057841],[141.36951437,43.78056579],[141.36963865,43.78055738],[141.36969601,43.78054056],[141.36980118,43.78048588],[141.36990634,43.78045644],[141.36995415,43.78043962],[141.37002107,43.78043962],[141.37005931,43.78044383],[141.37015492,43.78047747],[141.37026008,43.7804943],[141.370327,43.78051532],[141.37041305,43.78055738],[141.37054689,43.78089803],[141.37060426,43.78101579],[141.37070942,43.78120084],[141.37074766,43.78127654],[141.37076678,43.78135644],[141.37077634,43.78144897],[141.37077634,43.78152467],[141.37076678,43.78159616],[141.37075722,43.78166766],[141.37072854,43.78173915],[141.3706903,43.78183168],[141.37065206,43.78195784],[141.37050865,43.78210084],[141.37046085,43.78212186],[141.37033656,43.7821471],[141.37022184,43.78216812],[141.37016448,43.78217233],[141.37012623,43.78217654],[141.37007843,43.78216812],[141.36997327,43.78214289],[141.36993503,43.78214289],[141.36985854,43.7821513],[141.36979162,43.78216392],[141.36975338,43.78217233],[141.36968645,43.78221018],[141.36964821,43.78223962],[141.36962909,43.78227326],[141.36961953,43.78230691],[141.36961953,43.78235738],[141.36961953,43.78238682],[141.36966733,43.78245831],[141.36969601,43.78249616],[141.3697725,43.78257186],[141.36981074,43.78259289],[141.36993503,43.78263074],[141.36998283,43.78264336],[141.37000195,43.78266859],[141.37004019,43.78273588],[141.37005931,43.78275691],[141.37008799,43.78276532],[141.37012623,43.7827527],[141.37019316,43.78271485],[141.37021228,43.782677],[141.3702314,43.78263074],[141.37026008,43.78260551],[141.37033656,43.78257186],[141.37038437,43.78253822],[141.37041305,43.7825214],[141.37044173,43.78251298],[141.37049909,43.78249616],[141.37053733,43.78250878],[141.3705947,43.78252981],[141.37069986,43.78256345],[141.37075722,43.78258027],[141.37080503,43.78260971],[141.37092931,43.78269803],[141.37108228,43.78287887],[141.37113008,43.78296298],[141.37116832,43.78304289],[141.37118744,43.78311439],[141.371197,43.78319009],[141.371197,43.78329102],[141.371197,43.78333308],[141.37118744,43.7833499],[141.37116832,43.78341719],[141.37107272,43.78369476],[141.37092931,43.78379569],[141.37085283,43.78384195],[141.37077634,43.78392186],[141.37067118,43.7840228],[141.37057558,43.78408167],[141.37052777,43.7840985],[141.37042261,43.78410691],[141.37035568,43.78411952],[141.3702792,43.78415737],[141.37019316,43.78421205],[141.37017404,43.78423728],[141.37017404,43.78426672],[141.37014536,43.78430878],[141.37010711,43.78435924],[141.37007843,43.78442233],[141.37006887,43.78444336],[141.37004975,43.78446018],[141.37002107,43.78446438],[141.3699159,43.784477],[141.36978206,43.78448541],[141.36975338,43.78448541],[141.36975338,43.78446859],[141.36976294,43.78445597],[141.36974382,43.78444336],[141.36960997,43.78445597],[141.36944744,43.78447279],[141.3693136,43.78448121],[141.36924667,43.78447279],[141.36916063,43.78445177],[141.36911283,43.78445177],[141.36906502,43.78445597],[141.36894074,43.78444336],[141.36881645,43.78440971],[141.36873997,43.78438448],[141.36867305,43.78438027],[141.36861568,43.78438868],[141.36852964,43.78440971],[141.36845315,43.78443074],[141.36844359,43.78444756],[141.36844359,43.78446859],[141.36847228,43.78449382],[141.36847228,43.78451906],[141.36846272,43.78453588],[141.36843403,43.7845527],[141.36835755,43.78458635],[141.36831931,43.78459896],[141.36830019,43.78461579],[141.36832887,43.78464522],[141.36834799,43.78466205],[141.36838623,43.78467466],[141.36845315,43.78467466],[141.36850096,43.78466625],[141.36855832,43.78466625],[141.36859656,43.78468307],[141.3686348,43.7847041],[141.36865392,43.78473354],[141.36867305,43.78475878],[141.36870173,43.78478821],[141.36873041,43.78482186],[141.36873041,43.78484709],[141.36869217,43.78490177],[141.36861568,43.78495644],[141.36855832,43.78501532],[141.36851052,43.78504476],[141.36847228,43.78505737],[141.36841491,43.78506999],[141.36835755,43.78511205],[141.36834799,43.78513728],[141.36833843,43.78516672],[141.36838623,43.78520878],[141.36839579,43.78524663],[141.36840535,43.78529289],[141.36842447,43.78536018],[141.36842447,43.78540644],[141.36844359,43.7854527],[141.36844359,43.78548214],[141.36842447,43.78553681],[141.36841491,43.7855999],[141.36842447,43.78562513],[141.36844359,43.78564195],[141.3684914,43.78566298],[141.36855832,43.78569662],[141.36861568,43.78570924],[141.36869217,43.78571345],[141.36873997,43.78572606],[141.36880689,43.78575971],[141.36884513,43.78577233],[141.36891206,43.78578494],[141.3689503,43.78578494],[141.36901722,43.78577233],[141.36910327,43.78575971],[141.36917019,43.78574289],[141.36921799,43.78573868],[141.36926579,43.78572606],[141.36934228,43.78568821],[141.36939008,43.7856756],[141.36942832,43.7856756],[141.36948568,43.7856798],[141.36973426,43.78585644],[141.36980118,43.78593214],[141.37003063,43.78626859],[141.37003063,43.78629803],[141.37002107,43.78641158],[141.37003063,43.78652092],[141.37004019,43.78662606],[141.37005931,43.78672279],[141.37009755,43.78681952],[141.37016448,43.78696251],[141.37024096,43.78729896],[141.3702792,43.78749242],[141.37037481,43.78780363],[141.37052777,43.78803915],[141.37071898,43.78828728],[141.37086239,43.78843868],[141.3710536,43.7886784],[141.37126393,43.78894335],[141.37130217,43.78903587],[141.37150294,43.7893555],[141.37173239,43.78959522],[141.37180887,43.78972139],[141.37180887,43.78977606],[141.37176107,43.78990223],[141.37179931,43.78996531],[141.37174195,43.78998213],[141.37172283,43.78998634],[141.37170371,43.78999475],[141.37169415,43.79000737],[141.37165591,43.79003681],[141.37162723,43.79004942],[141.3715603,43.79005783],[141.37148382,43.79007466],[141.37144558,43.79008727],[141.37139777,43.79011671],[141.37136909,43.79012933],[141.37134997,43.79015036],[141.37132129,43.79016297],[141.37123525,43.79017559],[141.371197,43.7901798],[141.37113008,43.79020082],[141.3711014,43.79022185],[141.37108228,43.79024709],[141.37108228,43.7902555],[141.37111096,43.79026391],[141.37116832,43.7902597],[141.37127349,43.79024288],[141.37137865,43.79022185],[141.37147426,43.79020503],[141.37150294,43.79021765],[141.37153162,43.79021344],[141.37157942,43.79021344],[141.37161766,43.79021344],[141.37171327,43.79019662],[141.37175151,43.79019241],[141.37179931,43.79019241],[141.37181843,43.79019241],[141.37183756,43.79021344],[141.37185668,43.79027232],[141.37185668,43.79029755],[141.3718758,43.79037746],[141.3718758,43.79040269],[141.3718758,43.79047419],[141.37189492,43.7905541],[141.37194272,43.79065082],[141.37200008,43.79076858],[141.37204789,43.7908611],[141.37204789,43.79089475],[141.37202876,43.79096204],[141.37199052,43.79101251],[141.37191404,43.79114709],[141.37188536,43.79118073],[141.37186624,43.79124381],[141.37190448,43.79131531],[141.37188536,43.79135316],[141.37184712,43.79142045],[141.37186624,43.79147512],[141.37191404,43.79152138],[141.37198096,43.79155082],[141.37195228,43.79159708],[141.37193316,43.79166017],[141.37193316,43.79166858],[141.37194272,43.79171484],[141.37198096,43.7917611],[141.37199052,43.79180316],[141.37205745,43.79187465],[141.37213393,43.79192512],[141.37212437,43.79197138],[141.37212437,43.79205129],[141.37216261,43.79214802],[141.37221041,43.7922111],[141.37229646,43.79226157],[141.3723825,43.79229521],[141.3723825,43.79238774],[141.3723825,43.79244241],[141.3724303,43.79248447],[141.37256415,43.79257278],[141.37264063,43.79257699],[141.37263107,43.7926611],[141.37265019,43.79269475],[141.37270756,43.7927368],[141.37278404,43.79278727],[141.37287008,43.79282512],[141.37294657,43.7928125],[141.37292745,43.79285877],[141.37296569,43.79292605],[141.37302305,43.79299755],[141.37308997,43.7930354],[141.37319514,43.79307325],[141.37314734,43.79312792],[141.37316646,43.79320783],[141.37324294,43.79327091],[141.37329074,43.79331718],[141.37337679,43.79339288],[141.37347239,43.7934097],[141.37343415,43.79348961],[141.37345327,43.7935611],[141.37352976,43.79358633],[141.37363492,43.79365362],[141.37368272,43.79369568],[141.37365404,43.79376297],[141.37370184,43.79388073],[141.37377833,43.79391858],[141.37388349,43.79397325],[141.37395042,43.79402792],[141.37399822,43.79404054],[141.37398866,43.79411203],[141.37405558,43.79419194],[141.37410338,43.794234],[141.37419899,43.79424241],[141.37419899,43.79429708],[141.37421811,43.79434755],[141.37431371,43.79439802],[141.37436151,43.79442745],[141.37439976,43.79447792],[141.37439976,43.79456624],[141.37444756,43.79460409],[141.37450492,43.79463353],[141.37452404,43.79467979],[141.37455272,43.7947597],[141.37466745,43.79479334],[141.37479173,43.79485643],[141.37477261,43.79494474],[141.37481086,43.79499942],[141.37490646,43.79505409],[141.37497338,43.79508353],[141.37495426,43.79514661],[141.37500206,43.79517605],[141.37502119,43.79518867],[141.37504987,43.79526858],[141.37510723,43.79531484],[141.37518371,43.7953653],[141.37520283,43.79541157],[141.37528888,43.79543259],[141.3753558,43.79546624],[141.37542272,43.79553773],[141.37547053,43.79555035],[141.37547053,43.79560082],[141.37548965,43.79563867],[141.37552789,43.79566811],[141.37552789,43.7957354],[141.37556613,43.79577325],[141.37562349,43.79578586],[141.37568086,43.7958111],[141.37573822,43.79583633],[141.37582426,43.79584054],[141.37589119,43.79580689],[141.37651262,43.79679941],[141.37670383,43.79702652],[141.37703844,43.79743867],[141.37742086,43.79782558],[141.37784152,43.7982167],[141.37835778,43.7986667],[141.37902702,43.79922184],[141.3794668,43.79962978],[141.37982053,43.79999988],[141.38000218,43.80017651],[141.38017427,43.80037838],[141.380289,43.80049614],[141.38045152,43.80062651],[141.38059493,43.80071483],[141.38076702,43.80088726],[141.3807957,43.80092511],[141.38083394,43.80096296],[141.38085306,43.80103025],[141.3808435,43.80108492],[141.3808435,43.80113539],[141.38088174,43.80118586],[141.38088174,43.80126156],[141.38094867,43.80131623],[141.38103471,43.80132464],[141.38104427,43.80139193],[141.38106339,43.80148446],[141.38114944,43.80153072],[141.3812546,43.80155595],[141.3812546,43.80161062],[141.38131196,43.80163586],[141.38133108,43.80168212],[141.38137889,43.80174941],[141.38144581,43.80176623],[141.38152229,43.80179146],[141.38158922,43.80183352],[141.38162746,43.80183352],[141.38168482,43.80187978],[141.38173262,43.80191343],[141.38180911,43.80192604],[141.38183779,43.80195128],[141.38189515,43.80201436],[141.38200988,43.80201436],[141.38206724,43.8019723],[141.38213416,43.80195969],[141.38226801,43.80196389],[141.38231581,43.80195128],[141.38233493,43.80202277],[141.38239229,43.80206483],[141.3824879,43.80205642],[141.38259306,43.80213212],[141.38266955,43.80215315],[141.38272691,43.80214894],[141.38273647,43.80221623],[141.38280339,43.80227511],[141.382899,43.80227931],[141.38286076,43.80238445],[141.38288944,43.80244333],[141.38288944,43.80251062],[141.3829468,43.80256109],[141.38303285,43.80260315],[141.38312845,43.80260315],[141.38316669,43.80266623],[141.38322405,43.80267885],[141.38332922,43.80266623],[141.38333878,43.80266623],[141.38344394,43.802641],[141.38350131,43.80267885],[141.38361603,43.80269987],[141.38371164,43.80267885],[141.38374988,43.80274614],[141.38385504,43.80277137],[141.38394109,43.80276296],[141.38393153,43.80285128],[141.38394109,43.80288913],[141.38401757,43.80291857],[141.38396977,43.80298165],[141.38399845,43.80304894],[141.38405581,43.80309941],[141.38401757,43.80313305],[141.38400801,43.80320034],[141.38400801,43.80325081],[141.38401757,43.80328025],[141.38398889,43.80337277],[141.38400801,43.80342744],[141.38409406,43.80349894],[141.38406537,43.80357043],[141.38409406,43.80362511],[141.3841323,43.8036924],[141.38424702,43.80370501],[141.38431395,43.80364613],[141.38438087,43.80360408],[141.38452428,43.80354941],[141.38462944,43.80359987],[141.3846868,43.80362511],[141.38474417,43.80361249],[141.38477285,43.8036966],[141.38481109,43.80373025],[141.38486845,43.8037723],[141.38494494,43.8037723],[141.38494494,43.80386903],[141.38492581,43.80396997],[141.38496406,43.80403726],[141.38501186,43.80407511],[141.3850979,43.80407931],[141.38518395,43.80405408],[141.38523175,43.8039952],[141.38526043,43.80390688],[141.38537516,43.80388165],[141.38537516,43.80397417],[141.38540384,43.80401623],[141.38548988,43.80403726],[141.38560461,43.8040709],[141.38567153,43.80413398],[141.38574801,43.80412137],[141.38584362,43.80417604],[141.38599659,43.80416763],[141.38607307,43.8041466],[141.38610175,43.80422651],[141.38612087,43.8042938],[141.38625472,43.8043695],[141.38634076,43.80437791],[141.38635988,43.8044452],[141.38643637,43.80449146],[141.38651285,43.80447464],[141.38654153,43.80454193],[141.38665626,43.80457978],[141.3867423,43.80462183],[141.3867901,43.80468912],[141.38686659,43.80471856],[141.38697175,43.80471856],[141.38698131,43.80477324],[141.38701955,43.80479426],[141.38706736,43.8048195],[141.38714384,43.80482791],[141.3871534,43.80490782],[141.38716296,43.80495408],[141.38723944,43.80500454],[141.38730637,43.80503819],[141.38734461,43.80513071],[141.38739241,43.80518118],[141.3874689,43.80520641],[141.38750714,43.80523585],[141.38753582,43.8052737],[141.38754538,43.80531996],[141.38754538,43.80538725],[141.38754538,43.80542931],[141.38754538,43.80552183],[141.38752626,43.80555548],[141.38747846,43.80565221],[141.3874689,43.80569426],[141.38747846,43.80576576],[141.38748802,43.80580781],[141.38747846,43.80584987],[141.38749758,43.80590034],[141.38750714,43.80596342],[141.38748802,43.80599707],[141.3874689,43.80601809],[141.38748802,43.80604333],[141.38752626,43.80604333],[141.38757406,43.80603071],[141.38765054,43.80600968],[141.38770791,43.80600968],[141.38775571,43.8060223],[141.38779395,43.80603912],[141.38779395,43.80607697],[141.38774615,43.80613165],[141.38767923,43.80616529],[141.38758362,43.80624099],[141.38748802,43.80632931],[141.38745933,43.80636716],[141.38745933,43.80639239],[141.38749758,43.8064008],[141.38759318,43.80640501],[141.38774615,43.80637978],[141.38779395,43.80637557],[141.38782263,43.80639239],[141.38782263,43.80644286],[141.38781307,43.80646809],[141.38784175,43.80648492],[141.38787043,43.80650174],[141.38790868,43.80651015],[141.38794692,43.80649753],[141.38798516,43.80649753],[141.38799472,43.80651015],[141.38798516,43.80653538],[141.38799472,43.80656903],[141.38795648,43.80657744],[141.38787999,43.80658164],[141.38782263,43.80660267],[141.38777483,43.80662791],[141.38773659,43.80662791],[141.38768879,43.80661529],[141.38763142,43.80659006],[141.38758362,43.80659006],[141.3875167,43.80659426],[141.38745933,43.80661108],[141.38741153,43.80665735],[141.38740197,43.80668678],[141.38736373,43.80671202],[141.38727769,43.80673725],[141.38723944,43.80675407],[141.38727769,43.8067709],[141.38733505,43.80678772],[141.38741153,43.80679192],[141.3874689,43.80679192],[141.38750714,43.8067751],[141.38753582,43.80674146],[141.38755494,43.80672043],[141.38762186,43.80672464],[141.38766966,43.80673305],[141.38771747,43.80673305],[141.38782263,43.80672464],[141.38787999,43.80672464],[141.38796604,43.80670781],[141.3880234,43.80671202],[141.3880712,43.80672464],[141.38816681,43.80674146],[141.38822417,43.80674146],[141.38824329,43.8067751],[141.38823373,43.80679613],[141.38811901,43.80685921],[141.38805208,43.80688024],[141.3879756,43.80688024],[141.38791824,43.80689286],[141.38789912,43.80690548],[141.38795648,43.80693071],[141.38803296,43.80696856],[141.38808076,43.80700221],[141.38808076,43.80702744],[141.38803296,43.80706949],[141.3879756,43.80706949],[141.38788955,43.80708211],[141.38787999,43.80711155],[141.3879278,43.80714099],[141.38804252,43.80716622],[141.38809988,43.80717043],[141.38822417,43.8071494],[141.38830065,43.80706529],[141.3883389,43.80699379],[141.38835802,43.80696435],[141.38835802,43.80691809],[141.38836758,43.80688865],[141.38841538,43.80684239],[141.38842494,43.80680875],[141.38839626,43.80676249],[141.3883867,43.80672464],[141.3883867,43.80666155],[141.38835802,43.80665314],[141.3883389,43.80664473],[141.38832934,43.8066237],[141.38834846,43.80660267],[141.38844406,43.80656903],[141.38853967,43.80653118],[141.38858747,43.80651015],[141.38862571,43.80649333],[141.38869263,43.80645548],[141.38875,43.80644286],[141.38883604,43.80641763],[141.38893164,43.8063966],[141.38897945,43.8063966],[141.38904637,43.8064008],[141.38915153,43.8064008],[141.38922802,43.8063966],[141.38929494,43.80638819],[141.38945747,43.80635034],[141.38954351,43.80635034],[141.38975384,43.80636295],[141.38983989,43.80636295],[141.38996417,43.80637557],[141.39005978,43.80637557],[141.39016494,43.80637557],[141.39022231,43.80638398],[141.39027011,43.80641342],[141.39034659,43.80646389],[141.39038483,43.80648912],[141.39038483,43.80654379],[141.39042307,43.80658585],[141.3905378,43.80660688],[141.39066209,43.80656482],[141.39069077,43.80651856],[141.39075769,43.80646809],[141.39080549,43.80641342],[141.39091066,43.80645548],[141.39101582,43.80643865],[141.39108275,43.80642604],[141.39117835,43.80646389],[141.39127396,43.80645127],[141.39136,43.80643024],[141.3914078,43.80648492],[141.39150341,43.80651436],[141.39158945,43.80653959],[141.39166593,43.80653118],[141.3917233,43.80650174],[141.39176154,43.80655221],[141.39182846,43.80658164],[141.39192407,43.80659426],[141.39200055,43.80658585],[141.39204835,43.80664893],[141.39211528,43.80668678],[141.3921822,43.80668258],[141.39219176,43.80678351],[141.39225868,43.80682978],[141.39222044,43.80690127],[141.39219176,43.80697277],[141.39222044,43.80701482],[141.39223,43.80706949],[141.3922778,43.80710735],[141.39236385,43.80708632],[141.39242121,43.8069223],[141.39248813,43.80687604],[141.39253593,43.80681716],[141.39257418,43.80672464],[141.39267934,43.80678772],[141.39278451,43.80679192],[141.39288967,43.8067709],[141.39295659,43.80682136],[141.39316692,43.80684239],[141.3934633,43.80706529],[141.39389352,43.80735127],[141.39429506,43.80762463],[141.39502165,43.80820501],[141.3951555,43.80833538],[141.39543275,43.80858772],[141.39573869,43.80891575],[141.39627407,43.80948351],[141.39645572,43.80968538],[141.39685726,43.81011856],[141.39727792,43.81056014],[141.39760297,43.810905],[141.3976699,43.81096809],[141.39780374,43.81108584],[141.39791847,43.81118257],[141.39806188,43.81128351],[141.39820528,43.81138024],[141.39833913,43.81146435],[141.3984921,43.81154005],[141.39871199,43.81164098],[141.39888408,43.81171668],[141.39906572,43.81177977],[141.39925693,43.81184706],[141.39959155,43.81193117],[141.40000265,43.8120279],[141.40035639,43.81212042],[141.40102562,43.81226762],[141.40176177,43.81241902],[141.40232584,43.81251575],[141.40296639,43.81263351],[141.40354002,43.81273865],[141.40375991,43.81279332],[141.40396068,43.8128564],[141.40422837,43.81296154],[141.4044865,43.81306248],[141.40462035,43.81310874],[141.40479244,43.81316762],[141.40497408,43.81321388],[141.40520353,43.81327276],[141.40547123,43.81328117],[141.40686705,43.81344519],[141.4074598,43.81351668],[141.40807167,43.81363865],[141.4083298,43.81368491],[141.40880783,43.81377743],[141.40909464,43.8138279],[141.40924761,43.8138321],[141.40975431,43.81384893],[141.41083464,43.81418117],[141.41119794,43.81434098],[141.41174288,43.81456808],[141.41188629,43.81460593],[141.41215398,43.81463958],[141.41235475,43.81470687],[141.41287102,43.81493397],[141.41360717,43.81528304],[141.41382706,43.815405],[141.41417124,43.81553537],[141.41426684,43.81559004],[141.41456322,43.81577089],[141.41475443,43.81592229],[141.41503168,43.81611574],[141.41517509,43.81619145],[141.41520377,43.81619986],[141.41593992,43.81666668],[141.41598773,43.81670032],[141.41613113,43.81681387],[141.41622674,43.81691901],[141.41655179,43.81715453],[141.41666652,43.81723443],[141.41686729,43.81737322],[141.41707762,43.81746995],[141.41736443,43.81754565],[141.4179285,43.81756668],[141.41817707,43.81760453],[141.41878894,43.81779799],[141.41915223,43.81794098],[141.41939125,43.81807976],[141.41958246,43.81819331],[141.41965894,43.81822696],[141.4197641,43.81831527],[141.41986927,43.81841621],[141.42001268,43.81855079],[141.4201274,43.81866434],[141.42014652,43.81869798],[141.4201752,43.81879471],[141.42024213,43.81887041],[141.42043334,43.81899658],[141.420854,43.81919425],[141.42114081,43.81928677],[141.42119817,43.81929939],[141.42147542,43.81941714],[141.42161883,43.81950125],[141.4218196,43.81960219],[141.42198213,43.81971995],[141.4222785,43.82001434],[141.42246015,43.82023303],[141.422594,43.82035079],[141.42267048,43.82045172],[141.42280433,43.82056527],[141.42296686,43.82064938],[141.42299554,43.82070826],[141.42302422,43.82075452],[141.42308158,43.82078817],[141.42309114,43.82083022],[141.4231485,43.82087228],[141.42320587,43.82089331],[141.42317719,43.82095219],[141.42317719,43.82100265],[141.42321543,43.82103209],[141.42333015,43.82112041],[141.42325367,43.82116247],[141.42321543,43.82125078],[141.42317719,43.82130125],[141.42319631,43.82138116],[141.42323455,43.82142321],[141.42333971,43.82145265],[141.42336839,43.82155359],[141.4234162,43.82161667],[141.42350224,43.82164191],[141.42356916,43.82162508],[141.42363609,43.82164611],[141.42370301,43.82165873],[141.42377949,43.82165032],[141.42385598,43.82161247],[141.42391334,43.82157462],[141.42394202,43.82153677],[141.42405675,43.82153677],[141.42408543,43.82152835],[141.42413323,43.8214905],[141.42418103,43.82152835],[141.42424796,43.82155359],[141.42432444,43.82157462],[141.42442004,43.82157041],[141.42444873,43.82162508],[141.42450609,43.82165452],[141.42458257,43.82168396],[141.4246973,43.82167134],[141.4247929,43.82165032],[141.4248407,43.82161247],[141.42491719,43.82162088],[141.42500323,43.82161247],[141.42501279,43.82161247],[141.4251084,43.821562],[141.42514664,43.82150312],[141.42522312,43.8215662],[141.42529961,43.82159985],[141.42539521,43.82159985],[141.42547169,43.82158303],[141.42557686,43.82154097],[141.42559598,43.82159144],[141.42563422,43.82165873],[141.42570114,43.82168817],[141.42574895,43.82168396],[141.42578719,43.82167134],[141.42585411,43.82169658],[141.42592104,43.82171761],[141.42596884,43.8217092],[141.42605488,43.82168817],[141.42608356,43.82166714],[141.42613137,43.82169658],[141.42619829,43.82171761],[141.42625565,43.8217134],[141.42632257,43.82172181],[141.42640862,43.82171761],[141.42652334,43.82168817],[141.42657115,43.82172602],[141.42662851,43.82176807],[141.42673367,43.8217891],[141.4268484,43.82179331],[141.42692488,43.82175966],[141.42697269,43.82180172],[141.42703005,43.82183116],[141.42709697,43.82184798],[141.42718302,43.82183957],[141.4272595,43.82179331],[141.4273073,43.82184798],[141.42738378,43.82189004],[141.42746027,43.82190686],[141.42753675,43.82187321],[141.42756543,43.82195312],[141.42763236,43.82199097],[141.42769928,43.82203723],[141.42779488,43.82203723],[141.42778532,43.82210452],[141.42784269,43.82217602],[141.42788093,43.82220546],[141.42794785,43.82221807],[141.42790961,43.82227695],[141.42790005,43.82232321],[141.42787137,43.82236106],[141.42789049,43.82244938],[141.42797653,43.82251247],[141.42804346,43.82252929],[141.42804346,43.82257976],[141.42807214,43.82261761],[141.42811994,43.82264704],[141.42818686,43.82266807],[141.42825379,43.82269331],[141.42833027,43.82269751],[141.42839719,43.8226891],[141.42843543,43.82275639],[141.42845456,43.82280265],[141.42851192,43.82284891],[141.42859796,43.82286574],[141.42869357,43.8228405],[141.42872225,43.82289097],[141.42874137,43.82294144],[141.42882741,43.82297508],[141.42893258,43.82297088],[141.4289995,43.82292461],[141.42902818,43.82295826],[141.42913335,43.8229919],[141.42924807,43.82304237],[141.42948708,43.82312648],[141.42969741,43.8232106],[141.42983126,43.82328209],[141.43004159,43.82337882],[141.43021368,43.82347975],[141.43029972,43.82353863],[141.43056742,43.82370265],[141.43072994,43.823812],[141.43086379,43.82394237],[141.43092115,43.82401387],[141.43097851,43.82408115],[141.43099764,43.8241148],[141.43099764,43.82417368],[141.43098808,43.82419891],[141.43094983,43.82420312],[141.43089247,43.82422415],[141.43084467,43.82429144],[141.43078731,43.82432508],[141.43074906,43.8243377],[141.43074906,43.82436714],[141.43079687,43.82440499],[141.43085423,43.82442181],[141.43090203,43.82438396],[141.43096895,43.82434611],[141.4310072,43.82434611],[141.43106456,43.8243377],[141.43111236,43.82435452],[141.43112192,43.82439237],[141.43112192,43.82443022],[141.43108368,43.82447228],[141.43108368,43.82450172],[141.43108368,43.82453957],[141.4311028,43.82453957],[141.43111236,43.82453957],[141.4311506,43.82451854],[141.43116016,43.82451854],[141.43116972,43.82453957],[141.43117928,43.8245648],[141.43117928,43.8246405],[141.43121753,43.82469938],[141.43127489,43.82472461],[141.43135137,43.82472461],[141.43143742,43.82470358],[141.4314661,43.82475405],[141.43152346,43.82477087],[141.43164775,43.82478349],[141.43176247,43.8247877],[141.43184852,43.8247877],[141.43183896,43.82483816],[141.43188676,43.8248676],[141.43196324,43.82489284],[141.43199192,43.82492648],[141.43206841,43.82495592],[141.43217357,43.82497274],[141.43218313,43.82499798],[141.43219269,43.825019],[141.43222137,43.82504844],[141.43229786,43.82507368],[141.43236478,43.8250905],[141.43245082,43.82512835],[141.43254643,43.82514517],[141.43263247,43.82515358],[141.43263247,43.82522508],[141.43266115,43.82526293],[141.43272808,43.82530078],[141.43280456,43.8253933],[141.43286192,43.82543115],[141.43296709,43.825469],[141.43310094,43.82546059],[141.43309137,43.82550685],[141.43312006,43.82556994],[141.43316786,43.82562882],[141.43324434,43.82564143],[141.4333017,43.82564143],[141.43332083,43.8256919],[141.43333039,43.82570872],[141.43334951,43.82572134],[141.43339731,43.82573816],[141.43349291,43.82578442],[141.43351203,43.82582227],[141.43354072,43.82585592],[141.43363632,43.82589798],[141.433665,43.82590218],[141.43368412,43.82590218],[141.43363632,43.82596106],[141.4336172,43.82602414],[141.43359808,43.82609143],[141.43360764,43.82612928],[141.43365544,43.82616713],[141.43357896,43.82618816],[141.4335216,43.82623022],[141.43345467,43.82631433],[141.43346423,43.82635639],[141.43354072,43.82640265],[141.43364588,43.82640265],[141.4337128,43.826369],[141.43381797,43.82632695],[141.43386577,43.82631854],[141.43389445,43.82631854],[141.43396138,43.82632274],[141.43400918,43.82631012],[141.4340761,43.82628068],[141.43416215,43.82624704],[141.43422907,43.8262176],[141.43427687,43.82617554],[141.43432467,43.82616293],[141.43442984,43.82615452],[141.43449676,43.82615452],[141.43456368,43.82615452],[141.43459237,43.82615452],[141.43465929,43.82617134],[141.43465929,43.82612087],[141.43473577,43.82619237],[141.4348027,43.82623863],[141.43484094,43.82626386],[141.4349461,43.82626386],[141.43504171,43.82626807],[141.43507995,43.8262933],[141.43516599,43.82631012],[141.43524248,43.82628489],[141.43529028,43.82627227],[141.43529984,43.82631433],[141.43532852,43.82634377],[141.43538588,43.82638162],[141.43549105,43.82640265],[141.43552929,43.82640265],[141.43566314,43.82645311],[141.43573962,43.8264405],[141.43574918,43.82649096],[141.43575874,43.8265204],[141.43579698,43.82656667],[141.43586391,43.82658349],[141.43592127,43.82659611],[141.43594995,43.82662554],[141.43602643,43.82665498],[141.43610292,43.8266676],[141.4361794,43.82663816],[141.43618896,43.82667601],[141.4362272,43.82670545],[141.43631325,43.8267391],[141.43636105,43.82675171],[141.43636105,43.82678956],[141.43638973,43.82682321],[141.43645665,43.82687788],[141.43656182,43.82690311],[141.43652358,43.8269662],[141.43652358,43.82702928],[141.4365427,43.82710498],[141.4365905,43.82713442],[141.43665742,43.82715545],[141.43676259,43.82713442],[141.43680083,43.8271176],[141.43686775,43.82715545],[141.43688687,43.82715545],[141.43694424,43.82715124],[141.43699204,43.82714283],[141.43706852,43.82716807],[141.43716413,43.82717648],[141.43725017,43.82715124],[141.43729797,43.82712601],[141.43732666,43.82714704],[141.4374127,43.82715124],[141.43747006,43.82713442],[141.4375083,43.82710078],[141.43751786,43.8271176],[141.43757523,43.82713022],[141.43766127,43.82713442],[141.43775688,43.82711339],[141.4378238,43.82706713],[141.43786204,43.82708816],[141.43792896,43.82710919],[141.43804369,43.82710078],[141.43812973,43.82705452],[141.43815841,43.82708395],[141.43821578,43.8271176],[141.43829226,43.8271176],[141.43834962,43.82709657],[141.43838787,43.82710919],[141.43848347,43.82712181],[141.43854083,43.82710498],[141.43865556,43.82715966],[141.4387416,43.82716807],[141.4387894,43.82716807],[141.43879896,43.82720171],[141.43884677,43.82723536],[141.43895193,43.82724797],[141.43898061,43.82724377],[141.43899973,43.82730685],[141.43907622,43.82736152],[141.43913358,43.82737835],[141.4392005,43.82738255],[141.43927699,43.8273405],[141.43940127,43.82729003],[141.43949688,43.82727321],[141.43952556,43.82731526],[141.4395638,43.82736573],[141.43964985,43.82739517],[141.43964985,43.82744143],[141.43968809,43.8274961],[141.43966897,43.82752975],[141.43962116,43.82758863],[141.43957336,43.82763909],[141.43949688,43.82765592],[141.43945864,43.82768956],[141.43943952,43.82774003],[141.43943952,43.82778629],[141.43942039,43.82783676],[141.43933435,43.82787461],[141.43931523,43.82792928],[141.43932479,43.82799657],[141.43934391,43.82808068],[141.43933435,43.82813115],[141.43937259,43.82817741],[141.43942995,43.82821526],[141.439516,43.82821526],[141.43958292,43.82825732],[141.43963072,43.82829096],[141.43973589,43.82830358],[141.43980281,43.82828676],[141.43985061,43.82830779],[141.43995578,43.82831199],[141.44008007,43.82829517],[141.44018523,43.82829096],[141.44025215,43.82828676],[141.44030952,43.82828255],[141.44036688,43.82828676],[141.44041468,43.82829517],[141.4404338,43.82827835],[141.44045292,43.82822788],[141.44045292,43.82819844],[141.4404816,43.82818162],[141.44051985,43.82819423],[141.44057721,43.82821526],[141.44063457,43.82821106],[141.44071106,43.82819423],[141.44075886,43.82820685],[141.44077798,43.82823208],[141.44076842,43.82829517],[141.44073974,43.82832881],[141.4407015,43.8283919],[141.44068237,43.82842134],[141.44069193,43.82845498],[141.44073018,43.82847601],[141.44075886,43.8284676],[141.44077798,43.82844236],[141.44077798,43.82840872],[141.44080666,43.82838349],[141.44091183,43.82836246],[141.44105523,43.82832881],[141.44117952,43.82829517],[141.44124644,43.82826152],[141.44135161,43.82818582],[141.44138985,43.82813536],[141.44148545,43.8280975],[141.44153325,43.82806807],[141.44160018,43.82801339],[141.4416193,43.82796293],[141.4416671,43.82793769],[141.4417149,43.82791246],[141.44179139,43.82788302],[141.44196347,43.82785358],[141.44205908,43.82784517],[141.44221205,43.82783676],[141.44227897,43.82785358],[141.44243194,43.82786199],[141.44249886,43.82784517],[141.44262315,43.82781994],[141.44267095,43.82782414],[141.44269007,43.82785358],[141.44269007,43.82789143],[141.44272831,43.82790405],[141.44277611,43.82789143],[141.4428526,43.82785779],[141.44290996,43.82786199],[141.44297688,43.82787881],[141.44309161,43.82787881],[141.44315853,43.82788302],[141.44323501,43.82789143],[141.44332106,43.82789143],[141.44342622,43.82790405],[141.44348359,43.82793349],[141.44353139,43.82797975],[141.44353139,43.82801339],[141.44351227,43.82804704],[141.44342622,43.8280975],[141.44338798,43.82813956],[141.44336886,43.82819003],[141.44339754,43.82821947],[141.44343578,43.82822788],[141.44347403,43.82822788],[141.44352183,43.82821526],[141.44358875,43.82823629],[141.44360787,43.82826573],[141.44361743,43.82832461],[141.44365567,43.82835825],[141.44371304,43.82837928],[141.44375128,43.82837928],[141.44377996,43.82837507],[141.44383732,43.82834564],[141.44388513,43.82832461],[141.44395205,43.8283204],[141.44402853,43.82830779],[141.44410502,43.82826152],[141.44416238,43.82822367],[141.4442293,43.82816479],[141.44424842,43.82812274],[141.44426754,43.8280933],[141.44430579,43.82808068],[141.44436315,43.82808489],[141.44443007,43.82811853],[141.44447787,43.82813536],[141.44452568,43.82813115],[141.44457348,43.82814377],[141.44471689,43.82819844],[141.44501326,43.82827414],[141.44506106,43.82829937],[141.44517579,43.8283204],[141.44528095,43.82829517],[141.44528095,43.82835405],[141.44530963,43.82841293],[141.44538612,43.82845498],[141.4455104,43.82848021],[141.44558689,43.82848021],[141.44569205,43.82852648],[141.44575897,43.82853909],[141.44588326,43.82855171],[141.44589282,43.82859797],[141.4459693,43.828619],[141.44604579,43.82864423],[141.44611271,43.82868629],[141.44621788,43.82870732],[141.44636128,43.82865264],[141.44638996,43.82868629],[141.44645689,43.82871152],[141.44653337,43.82874517],[141.44662898,43.82875778],[141.4466959,43.82874096],[141.44671502,43.82878302],[141.44680106,43.82885031],[141.44682018,43.82890498],[141.44686799,43.82893442],[141.44696359,43.82898489],[141.44702095,43.82898489],[141.44703051,43.82903956],[141.44704964,43.82909003],[141.4470592,43.82911947],[141.44709744,43.82919517],[141.44717392,43.82924143],[141.44722172,43.82924563],[141.44722172,43.82928769],[141.44727909,43.82932975],[141.44737469,43.8293718],[141.44744161,43.82938442],[141.4474703,43.82942648],[141.4475181,43.82943909],[141.44760414,43.82947694],[141.44767106,43.82946853],[141.44770931,43.82950218],[141.44777623,43.82954003],[141.44783359,43.82957367],[141.44787183,43.82961573],[141.44798656,43.82967881],[141.44794832,43.82975031],[141.44795788,43.82982601],[141.44803436,43.82991433],[141.44811085,43.82995638],[141.4480726,43.82998161],[141.44796744,43.82999844],[141.44783359,43.83002367],[141.44776667,43.83002788],[141.44764238,43.83006573],[141.44748942,43.83012461],[141.44739381,43.83017087],[141.44736513,43.83020451],[141.44731733,43.83023816],[141.44725041,43.83030545],[141.44723128,43.83033489],[141.44725041,43.83035591],[141.44732689,43.83036853],[141.44748942,43.83038956],[141.4475659,43.83039376],[141.44778579,43.83039797],[141.44789096,43.8304232],[141.44800568,43.83041479],[141.44812041,43.83040638],[141.44832118,43.83032647],[141.44854107,43.83025918],[141.44860799,43.83023395],[141.44866535,43.83023395],[141.44870359,43.83026339],[141.44878008,43.83032647],[141.44878008,43.83036432],[141.4487514,43.83042741],[141.44876096,43.83046946],[141.44878964,43.8304989],[141.44883744,43.83050731],[141.44885656,43.83046526],[141.44894261,43.83040217],[141.44899997,43.83043582],[141.44906689,43.8304989],[141.44914337,43.83053255],[141.44910513,43.83056619],[141.44910513,43.83061245],[141.44912425,43.83067133],[141.44908601,43.83070498],[141.44905733,43.83073442],[141.44905733,43.83077227],[141.44908601,43.83081853],[141.44911469,43.83083956],[141.44907645,43.83083956],[141.44900953,43.83086479],[141.44896173,43.83090685],[141.44895217,43.83095311],[141.44896173,43.83099096],[141.44899997,43.83103722],[141.44910513,43.83110872],[141.44911469,43.8311718],[141.44915294,43.83120544],[141.44923898,43.83127273],[141.44926766,43.83131058],[141.44929634,43.83136946],[141.44927722,43.83140731],[141.44918162,43.83147881],[141.44917206,43.83151666],[141.44918162,43.8315503],[141.44920074,43.83156292],[141.44926766,43.83156292],[141.44943975,43.83155872],[141.44952579,43.8315503],[141.4495736,43.83152507],[141.44961184,43.8314704],[141.44967876,43.83144516],[141.44978393,43.83142414],[141.44988909,43.83135685],[141.44998469,43.83132741],[141.45000382,43.8313232],[141.45005162,43.83130638],[141.45014722,43.83127273],[141.4501759,43.83122227],[141.45019502,43.83113395],[141.45021415,43.83106666],[141.45028107,43.83098255],[141.45033843,43.8309447],[141.45041491,43.83093629],[141.45050096,43.83094049],[141.45056788,43.83098255],[141.45061568,43.83103302],[141.45064437,43.83108348],[141.45071129,43.83113395],[141.45077821,43.83116339],[141.45084514,43.8311718],[141.45089294,43.83120544],[141.45093118,43.83123909],[141.45101722,43.83126853],[141.45101722,43.83132741],[141.45105547,43.83137367],[141.45111283,43.83141572],[141.45117975,43.83146619],[141.45122755,43.83149984],[141.45118931,43.83153348],[141.45116063,43.83159657],[141.45117975,43.83165544],[141.45119887,43.83171012],[141.4512658,43.831769],[141.45120843,43.83180264],[141.45118931,43.8318489],[141.45119887,43.83190357],[141.45127536,43.83195404],[141.45135184,43.83198769],[141.45132316,43.83204236],[141.45134228,43.83210965],[141.4514092,43.83217273],[141.45156217,43.83224423],[141.45155261,43.83226526],[141.45153349,43.83232414],[141.45155261,43.83239142],[141.45157173,43.83244189],[141.45155261,43.83249236],[141.45153349,43.83256385],[141.45155261,43.83263114],[141.45160997,43.83269002],[141.45165777,43.83270264],[141.45163865,43.83273628],[141.45164821,43.83278675],[141.45169602,43.83282881],[141.4517725,43.83284984],[141.4518681,43.83287086],[141.45193503,43.83286666],[141.45200195,43.8328246],[141.45206887,43.83284984],[141.45212624,43.83284984],[141.4521836,43.83284563],[141.45217404,43.83288769],[141.45217404,43.83294236],[141.45224096,43.83300544],[141.45231744,43.83303909],[141.45228876,43.83309376],[141.45228876,43.83313161],[141.45235569,43.83319049],[141.45234613,43.83326198],[141.45238437,43.83329142],[141.45246085,43.83332927],[141.45251821,43.83333348],[141.45252777,43.83333348],[141.45261382,43.83336712],[141.45269986,43.83336292],[141.45278591,43.83336712],[141.45277635,43.8334218],[141.45277635,43.83347647],[141.45279547,43.83351011],[141.45284327,43.83352273],[141.45286239,43.83358161],[141.452958,43.83360264],[141.4530058,43.83360264],[141.45306316,43.83366993],[141.45312052,43.83369096],[141.45319701,43.83371198],[141.45329261,43.83371619],[141.45327349,43.83378768],[141.45327349,43.83385077],[141.45329261,43.83388862],[141.45333085,43.83393488],[141.45330217,43.8339517],[141.45329261,43.8340274],[141.45333085,43.83406946],[141.4534169,43.83410731],[141.45347426,43.83414096],[141.45355074,43.83417039],[141.45363679,43.83416198],[141.45371327,43.83415778],[141.45381844,43.83420824],[141.45390448,43.83421245],[141.45399052,43.83420404],[141.45404789,43.83422086],[141.45412437,43.83422086],[141.45420085,43.83420824],[141.45425822,43.83425871],[141.45431558,43.83429656],[141.45441118,43.83430918],[141.45450679,43.83430497],[141.45459283,43.83434282],[141.45467888,43.83435965],[141.45475536,43.83433862],[141.45478404,43.83441011],[141.45482228,43.83449002],[141.45487965,43.83451946],[141.45495613,43.83453208],[141.45494657,43.83457413],[141.45496569,43.83461198],[141.45500393,43.83463301],[141.45506129,43.83465404],[141.45506129,43.83471712],[141.4551091,43.83476338],[141.4551569,43.83479282],[141.45523338,43.83478441],[141.45524294,43.83483909],[141.45528119,43.83486852],[141.45534811,43.83488955],[141.45540547,43.83491479],[141.45546283,43.83498628],[141.45552976,43.83501993],[141.45563492,43.83505778],[141.45569228,43.83506198],[141.45568272,43.83512507],[141.45571141,43.83517974],[141.45574965,43.835226],[141.45574009,43.83526385],[141.45573053,43.83533114],[141.45574965,43.83538161],[141.45578789,43.83541105],[141.45588349,43.83544049],[141.4559791,43.83544469],[141.45605558,43.83547413],[141.45613207,43.83546993],[141.45620855,43.83544469],[141.45624679,43.83538581],[141.45629459,43.83536479],[141.45636152,43.83532273],[141.4563902,43.83526385],[141.45645712,43.83523862],[141.45655273,43.83523021],[141.45658141,43.83524282],[141.45663877,43.83527647],[141.45669613,43.83528908],[141.45674393,43.8352975],[141.45675349,43.83533114],[141.4568013,43.8353774],[141.45683954,43.83540264],[141.45691602,43.83544049],[141.45697339,43.83545731],[141.45693514,43.83549936],[141.45692558,43.83553721],[141.4569447,43.83556665],[141.45690646,43.83558348],[141.4568491,43.83561292],[141.45682998,43.83565497],[141.45683954,43.83569703],[141.45686822,43.83574329],[141.4568969,43.83577273],[141.45693514,43.83578535],[141.45698295,43.83578535],[141.45704987,43.83576011],[141.45707855,43.8357475],[141.45712635,43.83576011],[141.45716459,43.83578114],[141.4572124,43.83578535],[141.45726976,43.83577693],[141.45732712,43.83575591],[141.4573558,43.83573488],[141.45741317,43.83574329],[141.45747053,43.83574329],[141.45750877,43.83573488],[141.45755657,43.83569703],[141.45763306,43.83565077],[141.45766174,43.8356003],[141.45773822,43.83554983],[141.45782427,43.83550357],[141.45786251,43.83543207],[141.45792943,43.83544049],[141.45800591,43.83543207],[141.4580824,43.83538581],[141.45810152,43.83533955],[141.45819712,43.83532693],[141.45828317,43.83530591],[141.45833097,43.83527226],[141.45837877,43.83524282],[141.45840745,43.83514189],[141.45848394,43.8351503],[141.4585413,43.83512086],[141.45856042,43.8350746],[141.45857954,43.83498208],[141.45860822,43.83490637],[141.45859866,43.8348475],[141.45856998,43.83480544],[141.45866559,43.83480544],[141.45871339,43.83476759],[141.45872295,43.8347003],[141.45871339,43.83467507],[141.45878031,43.83455731],[141.45873251,43.8344732],[141.45883767,43.83444796],[141.45887592,43.83438488],[141.45886635,43.83427553],[141.45887592,43.83418301],[141.45896196,43.83422507],[141.45910537,43.83422927],[141.45916273,43.83421666],[141.45921053,43.83419142],[141.45926789,43.83421666],[141.45932526,43.83417039],[141.45929658,43.83410731],[141.45926789,43.83405684],[141.45929658,43.83398955],[141.45930614,43.8339517],[141.45938262,43.8339517],[141.4594591,43.8339517],[141.45951647,43.83391385],[141.45959295,43.83385077],[141.45958339,43.83377086],[141.45969811,43.83379189],[141.45979372,43.83377507],[141.45984152,43.83374563],[141.459918,43.83369096],[141.45998493,43.83366152],[141.46000405,43.83359002],[141.46009009,43.83363628],[141.4601857,43.83361946],[141.46021438,43.83359843],[141.46025262,43.83352273],[141.46038647,43.83359843],[141.46046295,43.83360264],[141.46054899,43.83358582],[141.46060636,43.83353955],[141.4606924,43.83352273],[141.46075932,43.83350591],[141.46084537,43.83351011],[141.46096009,43.83348068],[141.46101746,43.83345965],[141.4611035,43.83348909],[141.46118954,43.83348909],[141.46131383,43.8334975],[141.46138075,43.83354376],[141.46145724,43.83359423],[141.4616102,43.83363628],[141.46163889,43.83371198],[141.46165801,43.83374142],[141.46176317,43.83378768],[141.46188746,43.83382974],[141.46191614,43.83385497],[141.46196394,43.833876],[141.46207867,43.83388441],[141.46220295,43.83397694],[141.462289,43.83400638],[141.46242284,43.83398535],[141.46245152,43.83411152],[141.46251845,43.83415357],[141.46263317,43.83416619],[141.4627479,43.83415778],[141.4628435,43.83411993],[141.46291043,43.83418301],[141.46299647,43.83418722],[141.46313988,43.83418301],[141.4632546,43.83414096],[141.46332153,43.83420404],[141.46338845,43.83423768],[141.46349361,43.83425451],[141.46360834,43.8342461],[141.46362746,43.83433021],[141.46367526,43.83436385],[141.46375175,43.83437647],[141.46383779,43.83434282],[141.46390471,43.83430918],[141.46397164,43.8342503],[141.46405768,43.83426712],[141.46418197,43.83425451],[141.46425845,43.83420404],[141.46428713,43.83414096],[141.46434449,43.83417039],[141.46442098,43.83416198],[141.46451658,43.83413254],[141.46455482,43.83408628],[141.46467911,43.83405684],[141.46472691,43.83398955],[141.46473647,43.83393488],[141.46479384,43.83391806],[141.46488944,43.83385077],[141.46487988,43.83373722],[141.4648034,43.83365731],[141.46483208,43.83364469],[141.46509977,43.83345124],[141.4652145,43.83333348],[141.46522406,43.83333348],[141.46543439,43.83324937],[141.46566384,43.83319469],[141.46582636,43.83314843],[141.46585505,43.83313161],[141.46596021,43.83311058],[141.46610362,43.83308955],[141.46624702,43.83306432],[141.46643823,43.8330475],[141.4665912,43.83306432],[141.46666768,43.83308535],[141.46669637,43.83309376],[141.46706922,43.83309797],[141.46718395,43.8331232],[141.46738472,43.83312741],[141.46753769,43.83309376],[141.46770977,43.83309376],[141.46786274,43.83311479],[141.46805395,43.83316105],[141.46813999,43.83319469],[141.46822604,43.83321152],[141.4686467,43.83322413],[141.46877098,43.8332746],[141.46891439,43.83333348],[141.46899087,43.83336292],[141.46906736,43.83337554],[141.46924901,43.83337554],[141.4695167,43.83333348],[141.46957406,43.83332507],[141.46980351,43.83332507],[141.46987044,43.83333348],[141.47000428,43.8333503],[141.47028154,43.8334218],[141.47047274,43.83344703],[141.47080736,43.83354376],[141.47094121,43.83361105],[141.47144791,43.83392647],[141.4715722,43.83398955],[141.4717156,43.83401058],[141.47178253,43.83401058],[141.47227011,43.83399796],[141.47237527,43.83406946],[141.47245176,43.8341031],[141.47256648,43.83410731],[141.47264297,43.8340989],[141.47273857,43.83403582],[141.47282462,43.83408208],[141.47289154,43.83411152],[141.47300626,43.83411993],[141.47313055,43.83409049],[141.47330264000001,43.83409049],[141.47351297,43.83405684],[141.47353209,43.83405264],[141.47365638,43.83403161],[141.47368506,43.8340274],[141.47391451,43.83400638],[141.47414396,43.8339517],[141.47439253,43.83414096],[141.4745933,43.83428395],[141.47470802,43.83429656],[141.47473671,43.83429656],[141.47476539,43.83430497],[141.47490879,43.83433862],[141.4750044,43.83435965],[141.47525297,43.83441852],[141.47531033,43.83443114],[141.47538682,43.83445217],[141.47543462,43.83448161],[141.47591264,43.8347718],[141.47600825,43.83483067],[141.47613253,43.83490217],[141.47626638,43.83496946],[141.47636198,43.83501993],[141.47639066,43.83503675],[141.47685913,43.83528908],[141.47701209,43.83536899],[141.47707902,43.83531432],[141.47691649,43.83523021],[141.47657231,43.83504516],[141.47656275,43.83503675],[141.47641935,43.83496105],[141.47632374,43.83491058],[141.4761899,43.83484329],[141.47606561,43.8347718],[141.47597957,43.83471712],[141.47550154,43.83442694],[141.47543462,43.83438909],[141.47534858,43.83436385],[141.47525297,43.83434282],[141.4750044,43.83428395],[141.47493748,43.83426712],[141.47479407,43.83423348],[141.47475583,43.83422507],[141.47471759,43.83422086],[141.4746889,43.83421666],[141.47465066,43.83420404],[141.47458374,43.83418722],[141.47455506,43.8341746],[141.47451682,43.83415357],[141.47444989,43.8340989],[141.47430649,43.83399796],[141.47444989,43.83391806],[141.47457418,43.83382974],[141.47462198,43.83385918],[141.4750044,43.83358582],[141.4750522,43.83355217],[141.47526253,43.8335732],[141.47619946,43.83368675],[141.47620902,43.83367413],[141.47622814,43.83359423],[141.47696429,43.83367413],[141.47708858,43.83368675],[141.47704078,43.83389703],[141.47704078,43.83391385],[141.47703121,43.83396432],[141.47699297,43.83411993],[141.47692605,43.83440591],[141.47689737,43.83451946],[141.47687825,43.8346288],[141.47684001,43.83475497],[141.47689737,43.83475918],[141.47691649,43.83467086],[141.47706946,43.83468768],[141.47712682,43.83443114],[141.47719374,43.83414516],[141.47723198,43.83398955],[141.47724154,43.83393488],[141.47725111,43.83390544],[141.47725111,43.83380451],[141.47725111,43.83362787],[141.47727979,43.83362787],[141.47732759,43.83363628],[141.47736583,43.83364469],[141.47772913,43.83370778],[141.47813067,43.83382133],[141.47856089,43.83396011],[141.47887638,43.83406946],[141.4791632,43.83419983],[141.47969858,43.8344732],[141.48022441,43.83471292],[141.48048254,43.83483488],[141.4808554,43.83505778],[141.48086496,43.83506619],[141.48089364,43.83509142],[141.48093188,43.83511245],[141.480951,43.83513768],[141.48098924,43.83515451],[141.48100836,43.83517974],[141.48106573,43.83521759],[141.48109441,43.83523021],[141.48111353,43.83525123],[141.48120913,43.83531432],[141.48133342,43.83538161],[141.4813621,43.83539422],[141.48137166,43.83539843],[141.48140034,43.83540684],[141.48142902,43.83542366],[141.48148639,43.83546151],[141.48151507,43.83547834],[141.48155331,43.83549936],[141.48157243,43.8355246],[141.48160111,43.83554563],[141.48163935,43.83555824],[141.48165847,43.83559189],[141.48168716,43.8356003],[141.48170628,43.83563394],[141.48174452,43.83565077],[141.48176364,43.83568021],[141.48179232,43.83570123],[141.481821,43.83570964],[141.48184012,43.83574329],[141.48189749,43.83578535],[141.48193573,43.83580217],[141.48196441,43.83581058],[141.48200265,43.83581058],[141.48203133,43.8358274],[141.48209825,43.83584002],[141.48211738,43.83583581],[141.48215562,43.83584422],[141.48232771,43.83586105],[141.48233727,43.83585684],[141.48248067,43.83589469],[141.48273881,43.83594095],[141.48287265,43.83593675],[141.48311166,43.83591992],[141.48333155,43.83592413],[141.48416331,43.83594516],[141.48419199,43.83595357],[141.48424936,43.83595778],[141.4843832,43.83597039],[141.48444057,43.8359746],[141.48446925,43.83598301],[141.48450749,43.83598301],[141.48453617,43.8359788],[141.48456485,43.83599142],[141.48460309,43.83599142],[141.48466046,43.83598721],[141.4846987,43.83599142],[141.48475606,43.83598721],[141.48482298,43.83599563],[141.48485167,43.83599563],[141.48488035,43.83599142],[141.48494727,43.83599983],[141.48501419,43.83599983],[141.48504287,43.83600824],[141.48507156,43.83600824],[141.48510024,43.83600404],[141.48513848,43.83601665],[141.48517672,43.83601665],[141.48519584,43.83601665],[141.48523408,43.83601665],[141.48526276,43.83602086],[141.48532969,43.83602927],[141.48534881,43.83602506],[141.48538705,43.83604189],[141.48541573,43.8360545],[141.48545397,43.8360545],[141.48548265,43.83607133],[141.48551134,43.83608394],[141.48557826,43.83609656],[141.48560694,43.83610497],[141.48563562,43.83610918],[141.4856643,43.83610497],[141.48570255,43.83611338],[141.48575991,43.83611338],[141.48578859,43.83610918],[141.48585551,43.83611759],[141.48592244,43.83611338],[141.48595112,43.83611759],[141.4859798,43.83612179],[141.48604672,43.83611338],[141.4860754,43.83611759],[141.48614233,43.83610497],[141.48619969,43.83609656],[141.48622837,43.83608394],[141.48629529,43.83607133],[141.48632397,43.8360545],[141.48636222,43.8360545],[141.48641958,43.83603348],[141.48646738,43.83599983],[141.48719398,43.83602506],[141.4873087,43.83602506],[141.48741387,43.83601665],[141.48752859,43.83600404],[141.487672,43.8359788],[141.4877676,43.83596198],[141.48785365,43.83595778],[141.4880353,43.83599563],[141.48814046,43.83602927],[141.48834123,43.83610077],[141.48837947,43.83611338],[141.48874277,43.83649609],[141.48878101,43.83647927],[141.48838903,43.83606712],[141.48836991,43.83603768],[141.48836035,43.83602506],[141.48836035,43.83601665],[141.48836991,43.83600404],[141.48837947,43.83598301],[141.48850376,43.83584843],[141.48852288,43.83583581],[141.48859936,43.8358232],[141.48892442,43.83576852],[141.48902958,43.8357475],[141.48907739,43.8357475],[141.48911563,43.8357517],[141.48915387,43.83576432],[141.48964145,43.83570544],[141.48965101,43.83570123],[141.48968925,43.83565918],[141.48969881,43.83565077],[141.48979442,43.83564656],[141.49049233,43.8356003],[141.49057838,43.8356003],[141.4910086,43.83562133],[141.49106596,43.83562974],[141.49111376,43.83564236],[141.49121893,43.83567179],[141.49130497,43.83570123],[141.49134321,43.83570964],[141.49141014,43.83571385],[141.49142926,43.83571385],[141.49148662,43.83571385],[141.49154398,43.83571385],[141.49160134,43.83570964],[141.49165871,43.83570123],[141.49166827,43.83570123],[141.49170651,43.83570544],[141.4918308,43.83572647],[141.49201244,43.83576011],[141.49207937,43.83578955],[141.49219409,43.83584843],[141.49227058,43.83588628],[141.49234706,43.83590731],[141.49257651,43.83595357],[141.49298761,43.83604189],[141.49318838,43.83610497],[141.49326486,43.83612179],[141.49333179,43.83613441],[141.49344651,43.83616806],[141.49345607,43.83616806],[141.49350387,43.83617647],[141.4935708,43.83619749],[141.4939341,43.8363531],[141.49423047,43.83650871],[141.49441212,43.83660123],[141.49465113,43.83675263],[141.49499531,43.83696712],[141.49539684,43.83723207],[141.49554025,43.83733721],[141.49566454,43.8374045],[141.49579838,43.83748861],[141.49598003,43.83759796],[141.49680223,43.83832973],[141.49739498,43.83885964],[141.49740454,43.83887646],[141.4974141,43.83889329],[141.4974141,43.8389059],[141.49744278,43.83894796],[141.49767223,43.83926338],[141.4978252,43.83948628],[141.49794949,43.83970076],[141.49801641,43.83981011],[141.49801641,43.83983113],[141.49801641,43.83987319],[141.49801641,43.83990684],[141.49802597,43.83994048],[141.49805465,43.83998254],[141.49807377,43.84001198],[141.49808333,43.84005403],[141.49810245,43.84011712],[141.49810245,43.84016758],[141.49811201,43.84022226],[141.49812157,43.84027272],[141.4981885,43.84038627],[141.49822674,43.84043254],[141.49829366,43.84041151],[141.49842751,43.84066805],[141.49838927,43.84068487],[141.49845619,43.84080263],[141.49849443,43.84079001],[141.49856135,43.84096244],[141.49855179,43.84096665],[141.49855179,43.84097506],[141.49855179,43.84098347],[141.49855179,43.84101711],[141.49854223,43.84105496],[141.49854223,43.84111805],[141.49855179,43.8411601],[141.49859004,43.84119375],[141.49863784,43.84121898],[141.49867608,43.84125683],[141.49871432,43.84129889],[141.49872388,43.84135777],[141.49873344,43.84140403],[141.49877168,43.84148394],[141.4987908,43.84150076],[141.4987908,43.84150496],[141.49889597,43.84166478],[141.49900113,43.84181197],[141.49913498,43.84198861],[141.49916366,43.84203487],[141.49930707,43.84219468],[141.49938355,43.842283],[141.49940267,43.84230403],[141.49945048,43.84234608],[141.49946004,43.84236711],[141.49949828,43.84241337],[141.49952696,43.8424302],[141.49953652,43.84245122],[141.49960344,43.84251851],[141.499613,43.84253954],[141.49963212,43.84256478],[141.49966081,43.8425858],[141.49967037,43.84260683],[141.49968949,43.84263207],[141.49971817,43.84265309],[141.49974685,43.84269936],[141.49979465,43.84274562],[141.49982333,43.84279188],[141.49985202,43.84281291],[141.4998807,43.84285917],[141.49990938,43.8428802],[141.49996674,43.84295169],[141.4999763,43.84297272],[141.49999542,43.84299795],[141.50001454,43.84301478],[141.50004322,43.84305263],[141.50005278,43.84307365],[141.50008147,43.84309048],[141.50010059,43.84311992],[141.50011971,43.84314094],[141.50014839,43.84316197],[141.50016751,43.843183],[141.50018663,43.84320823],[141.50021531,43.84322506],[141.50025355,43.84327552],[141.50027268,43.84329655],[141.50028224,43.84329655],[141.50032048,43.84334702],[141.5003396,43.84336384],[141.50035872,43.84339328],[141.50037784,43.84341431],[141.50040652,43.84343534],[141.50041608,43.84346057],[141.5004352,43.8434816],[141.50046388,43.84350263],[141.50047344,43.84353206],[141.50050213,43.8435573],[141.50052125,43.84357412],[141.50053081,43.84359935],[141.50057861,43.8436372],[141.50059773,43.84366664],[141.50061685,43.84368767],[141.50065509,43.84373393],[141.50067421,43.84375496],[141.5007029,43.84377599],[141.50071246,43.84379702],[141.5007507,43.84383487],[141.50076026,43.8438559],[141.50078894,43.84387272],[141.50082718,43.8439358],[141.50085586,43.84396104],[141.50088454,43.84400309],[141.50091323,43.84402412],[141.50094191,43.84406618],[141.50097059,43.84409141],[141.50098015,43.84411244],[141.50099927,43.84413767],[141.50102795,43.8441587],[141.50103751,43.84418393],[141.50105663,43.84420917],[141.50109487,43.84422599],[141.50109487,43.84425543],[141.50111399,43.84427646],[141.50114268,43.84429328],[141.50115224,43.84431851],[141.50118092,43.84434375],[141.50120004,43.84436477],[141.50121916,43.84439001],[141.50123828,43.84441104],[141.50126696,43.84443206],[141.50127652,43.8444573],[141.50129564,43.84448253],[141.50131476,43.84449935],[141.50135301,43.84454561],[141.50141037,43.84459188],[141.50141993,43.84461711],[141.50143905,43.84463814],[141.50146773,43.84465917],[141.50147729,43.84468019],[141.50149641,43.84470543],[141.50153465,43.84472646],[141.50154422,43.84475169],[141.50156334,43.84477272],[141.50159202,43.84478954],[141.50160158,43.84481477],[141.5016207,43.8448358],[141.50165894,43.84486103],[141.50165894,43.84488206],[141.50167806,43.8449073],[141.50170674,43.84492412],[141.50178323,43.84501664],[141.50181191,43.84504188],[141.50182147,43.8450629],[141.50186927,43.84511337],[141.50189795,43.8451344],[141.50190751,43.84515963],[141.50193619,43.84517645],[141.50195531,43.84520169],[141.501984,43.84522272],[141.50200312,43.84524795],[141.50202224,43.84526898],[141.50204136,43.84529001],[141.50207004,43.84531524],[141.5020796,43.84533627],[141.50209872,43.8453615],[141.5021274,43.84538253],[141.50214652,43.84540776],[141.50216564,43.84542879],[141.50218477,43.84545402],[141.50220389,43.84547505],[141.50223257,43.84550029],[141.50224213,43.84552131],[141.50226125,43.84554655],[141.50230905,43.84563487],[141.50232817,43.8456601],[141.50232817,43.84568113],[141.50234729,43.84570636],[141.50234729,43.84572739],[141.50236641,43.84575262],[141.50240466,43.84579888],[141.50242378,43.84582412],[141.50245246,43.84584515],[141.50247158,43.84587038],[141.50250026,43.8458872],[141.50250982,43.84591244],[141.5025385,43.84593346],[141.50259587,43.84600496],[141.50259587,43.84601337],[141.50260543,43.84602599],[141.50263411,43.84605122],[141.50264367,43.84607225],[141.50266279,43.84609748],[141.50268191,43.84611851],[141.50270103,43.84614374],[141.50272015,43.84616477],[141.50277751,43.84619842],[141.502854,43.84622365],[141.50291136,43.84625309],[141.5029496,43.84629515],[141.5029974,43.84635402],[141.50305477,43.84643393],[141.50313125,43.84653907],[141.50318861,43.8466358],[141.50324598,43.84668627],[141.50354235,43.84725402],[141.50381004,43.84784281],[141.50395345,43.84817084],[141.5040873,43.8485914],[141.50419246,43.84891524],[141.5042785,43.84920963],[141.50434543,43.84940729],[141.50440279,43.84955869],[141.50447927,43.84969327],[141.50456532,43.84980682],[141.50468004,43.84994561],[141.50469916,43.85000028],[141.50470873,43.8500129],[141.50478521,43.85032411],[141.50478521,43.85034093],[141.50479477,43.85035776],[141.50482345,43.85052178],[141.50494774,43.85047131],[141.50496686,43.85049234],[141.50526323,43.85079514],[141.50529191,43.85082037],[141.50555961,43.85103906],[141.50574125,43.85122832],[141.50642005,43.85199374],[141.50694587,43.85254888],[141.50707016,43.85268766],[141.507204,43.85279701],[141.50728049,43.8528685],[141.50750038,43.85310401],[141.50758642,43.8531713],[141.50813137,43.85368018],[141.50833214,43.85386523],[141.50837038,43.85390308],[141.5088006,43.85429841],[141.5092595,43.85472317],[141.50958456,43.85500074],[141.50981401,43.85517317],[141.50988093,43.85532457],[141.50998609,43.85555588],[141.51009126,43.85578719],[141.51011994,43.85585868],[141.51014862,43.85590074],[141.51023467,43.85598485],[141.51030159,43.85603953],[141.51037807,43.85607738],[141.51039719,43.8560984],[141.51043544,43.85613625],[141.51045456,43.85615728],[141.51046412,43.85616569],[141.51047368,43.8561741],[141.51033027,43.85634233],[141.51032071,43.85635074],[141.51032071,43.85636336],[141.51033027,43.85637177],[141.51033983,43.85638018],[141.51035895,43.85638438],[141.51036851,43.85638438],[141.51038763,43.85638018],[141.51039719,43.85637177],[141.51064577,43.85608158],[141.51070313,43.85603111],[141.51074137,43.85598906],[141.51080829,43.85595121],[141.5108561,43.85592177],[141.51092302,43.85590495],[141.51098038,43.85588392],[141.51103774,43.8558713],[141.51109511,43.8558671],[141.51116203,43.8558713],[141.51123851,43.85587971],[141.51135324,43.85589653],[141.51143928,43.85590074],[141.51151577,43.85590915],[141.51163049,43.85592597],[141.51245269,43.85613205],[141.51283511,43.85629186],[141.51299764,43.85636756],[141.51330357,43.8564685],[141.51359995,43.85657784],[141.51386764,43.85666616],[141.5142405,43.85679233],[141.51457511,43.85694373],[141.51512006,43.85718765],[141.51541643,43.85733485],[141.51599006,43.85765868],[141.51666885,43.85802457],[141.51674533,43.85807083],[141.51681226,43.85810448],[141.51738589,43.85833158],[141.51777786,43.85848719],[141.51786391,43.85848298],[141.51821764,43.85860074],[141.51862874,43.85871008],[141.51896336,43.85880681],[141.51912589,43.85885307],[141.51910677,43.85888251],[141.51912589,43.85889092],[141.51914501,43.85886148],[141.51927885,43.85889513],[141.5194127,43.85892457],[141.51963259,43.85895821],[141.51971864,43.85897083],[141.52016798,43.8590213],[141.52017754,43.8590213],[141.5201871,43.8590255],[141.5201871,43.85903391],[141.5201393,43.85927784],[141.5201393,43.85928625],[141.52014886,43.85929466],[141.52016798,43.85929887],[141.5201871,43.85929466],[141.52019666,43.85928625],[141.52024446,43.859097],[141.52025402,43.85909279],[141.52026358,43.85909279],[141.52044523,43.85911803],[141.52045479,43.85912223],[141.52045479,43.85913485],[141.52043567,43.8591727],[141.52043567,43.85919793],[141.52044523,43.85921896],[141.52045479,43.85923158],[141.52046435,43.8592484],[141.52046435,43.85926522],[141.52047391,43.85928204],[141.52050259,43.85928625],[141.52052171,43.85928204],[141.52052171,43.85927363],[141.52060776,43.85908018],[141.52063644,43.85908438],[141.52066512,43.85909279],[141.52098062,43.8591727],[141.52141084,43.85921475],[141.52209919,43.85927363],[141.52213743,43.8592484],[141.5224338,43.85926943],[141.5228449,43.85931148],[141.52306479,43.8593241],[141.52385831,43.8593241],[141.52397304,43.85931148],[141.52478568,43.8591769],[141.52499601,43.85913485],[141.52506293,43.85912223],[141.52517765,43.85910541],[141.52542623,43.85906335],[141.52547403,43.85913064],[141.5256748,43.85904653],[141.52565568,43.8590213],[141.52626755,43.85879419],[141.52645875,43.85869747],[141.52685073,43.85848298],[141.52708018,43.85833158],[141.52715667,43.85828111],[141.52757733,43.85799092],[141.52779722,43.85783532],[141.52796931,43.85769233],[141.52810315,43.85757036],[141.52813183,43.85756195],[141.52816052,43.85755354],[141.5281892,43.85754934],[141.52822744,43.85754934],[141.52826568,43.85754934],[141.52838997,43.85756195],[141.52841865,43.85755775],[141.52847601,43.85754934],[141.52924085,43.85739373],[141.52925997,43.85738532],[141.52927909,43.85737691],[141.52932689,43.857297],[141.52969019,43.85733064],[141.53170744,43.8575241],[141.53170744,43.85754092],[141.53271129,43.85762083],[141.53272085,43.85760821],[141.53283558,43.85761663],[141.53283558,43.85760821],[141.53295986,43.85762083],[141.53295986,43.85763345],[141.53308415,43.85764186],[141.53308415,43.85765448],[141.53333272,43.8576755],[141.53339964,43.85767971],[141.53471899,43.85806663],[141.53485283,43.85810868],[141.53513965,43.85818859],[141.53535954,43.85833158],[141.53655459,43.85911382],[141.536698,43.85900027],[141.53567503,43.85833158],[141.53530217,43.85808765],[141.53529261,43.85808345],[141.53528305,43.85807924],[141.53528305,43.85807083],[141.53526393,43.8580456],[141.53525437,43.85802877],[141.53524481,43.85802457],[141.53523525,43.85801616],[141.53492932,43.85792784],[141.53491976,43.85792363],[141.53482415,43.8578984],[141.53499624,43.85703205],[141.53520657,43.85596803],[141.53515877,43.85589233],[141.53509184,43.85591756],[141.53513009,43.85595962],[141.53512052,43.85595962],[141.53490063,43.85701943],[141.53489107,43.85701943],[141.53333272,43.85685121],[141.5324436,43.85675448],[141.53243404,43.85675448],[141.5324436,43.85675027],[141.53273997,43.85526569],[141.53286426,43.8546685],[141.5329025,43.85448345],[141.5329025,43.85444981],[141.53291206,43.85440355],[141.53291206,43.85439934],[141.53295986,43.85439513],[141.53297898,43.85439934],[141.53333272,43.85448345],[141.53353349,43.85452551],[141.53415492,43.8546727],[141.53419316,43.85458439],[141.53407844,43.85455915],[141.53406887,43.85458439],[141.53355261,43.85446663],[141.53333272,43.85441616],[141.53300766,43.85433626],[141.53296942,43.85433205],[141.5329025,43.85433626],[141.53250096,43.8543699],[141.53186997,43.85443299],[141.53183173,43.85443719],[141.53179349,43.85444981],[141.53165964,43.85451289],[141.53163096,43.85452551],[141.5316214,43.85453813],[141.5316214,43.85455495],[141.53123898,43.8564685],[141.53113382,43.85697737],[141.53113382,43.85698579],[141.53112426,43.85698579],[141.52931733,43.85679653],[141.52929821,43.85679233],[141.52928865,43.85678812],[141.52940337,43.85624139],[141.5295659,43.8554171],[141.52957546,43.85537504],[141.52958502,43.8553456],[141.52973799,43.85455495],[141.52937469,43.85452551],[141.52937469,43.8545213],[141.52937469,43.85451289],[141.52949898,43.85393672],[141.52946074,43.85393252],[141.52932689,43.8545213],[141.52931733,43.8545213],[141.52929821,43.8545171],[141.52922173,43.85451289],[141.52898271,43.85449607],[141.52917392,43.85361289],[141.52946074,43.85363392],[141.52949898,43.85363392],[141.52949898,43.85363813],[141.52948942,43.85371803],[141.52948942,43.85372644],[141.52949898,43.85372644],[141.52949898,43.85373065],[141.52952766,43.85373065],[141.52953722,43.85372644],[141.52954678,43.85365074],[141.52954678,43.85364233],[141.52955634,43.85363813],[141.52957546,43.85363392],[141.52959458,43.85362551],[141.53004392,43.85289373],[141.53004392,43.85288953],[141.5303403,43.85298626],[141.53051239,43.85304093],[141.53051239,43.85304514],[141.53035942,43.85329747],[141.53032118,43.85366757],[141.5303881,43.85367177],[141.53042634,43.85330588],[141.53057931,43.85305775],[141.53061755,43.85299046],[141.53062711,43.85298205],[141.53063667,43.85297785],[141.53214722,43.85262037],[141.53265393,43.85250261],[141.53273997,43.85248579],[141.53275909,43.85247738],[141.53275909,43.85247317],[141.53254876,43.85201476],[141.53245316,43.85179607],[141.53245316,43.85178766],[141.53245316,43.85177925],[141.53245316,43.85177084],[141.5324436,43.85174981],[141.53242448,43.85172458],[141.53240536,43.8516657],[141.5323958,43.85164888],[141.53240536,43.85164047],[141.53267305,43.85158579],[141.53305547,43.85150589],[141.53317975,43.85148486],[141.53330404,43.85145542],[141.53333272,43.85145121],[141.53350481,43.85141336],[141.53360997,43.85139233],[141.5337247,43.85137131],[141.53381074,43.8513629],[141.53407844,43.85135028],[141.53409756,43.85135448],[141.53409756,43.85135869],[141.53409756,43.85137131],[141.53409756,43.85152271],[141.53409756,43.85160261],[141.53409756,43.85161103],[141.53409756,43.85163205],[141.53409756,43.85165308],[141.534088,43.85179607],[141.534088,43.85200215],[141.534088,43.85201897],[141.534088,43.85206103],[141.534088,43.85206523],[141.534088,43.85230074],[141.53407844,43.85231757],[141.53407844,43.85232598],[141.53407844,43.8523386],[141.53406887,43.85235121],[141.53405931,43.85235542],[141.53404975,43.85236383],[141.53404019,43.85236803],[141.53403063,43.85237224],[141.53402107,43.85237224],[141.53333272,43.85253626],[141.53318931,43.8525699],[141.53320843,43.85263299],[141.53333272,43.85260355],[141.53404975,43.85243532],[141.53406887,43.85242691],[141.534088,43.85242271],[141.53410712,43.85241009],[141.53412624,43.85240168],[141.5341358,43.85238486],[141.53415492,43.85236383],[141.53416448,43.85234701],[141.53417404,43.85232598],[141.53417404,43.85230495],[141.53417404,43.85206523],[141.5341836,43.85201897],[141.53444173,43.85209046],[141.53438437,43.85219981],[141.53435569,43.8521956],[141.53430789,43.85230495],[141.53432701,43.85230916],[141.53437481,43.85222504],[141.53443217,43.85223766],[141.5344991,43.85210729],[141.53562723,43.85243532],[141.53563679,43.8524143],[141.53568459,43.85233018],[141.53568459,43.85231336],[141.53569415,43.85230916],[141.53570371,43.85230916],[141.53571327,43.85231336],[141.53572283,43.85232177],[141.53575151,43.85232598],[141.53581844,43.85233439],[141.53589492,43.85235121],[141.53594272,43.85236803],[141.53600965,43.85238906],[141.53606701,43.85241009],[141.53611481,43.85242271],[141.53618173,43.85243532],[141.53621998,43.85245215],[141.53621998,43.85246056],[141.5362391,43.85248579],[141.53624866,43.85248579],[141.53625822,43.85249],[141.53625822,43.8524942],[141.53621042,43.85257831],[141.53621042,43.85258252],[141.53621042,43.85258673],[141.53621998,43.85258673],[141.53622954,43.85258673],[141.5362391,43.85259093],[141.53624866,43.85259514],[141.53624866,43.85260355],[141.53624866,43.85261196],[141.53626778,43.85261616],[141.53626778,43.85262037],[141.53627734,43.85261616],[141.53627734,43.85261196],[141.53627734,43.85260775],[141.5362869,43.85260775],[141.53629646,43.85260775],[141.53632514,43.85261616],[141.5363347,43.85262037],[141.53632514,43.85262878],[141.53632514,43.8526414],[141.53632514,43.8526456],[141.53636338,43.85265822],[141.5363825,43.85265822],[141.53639206,43.8526456],[141.53640163,43.8526414],[141.53641119,43.8526456],[141.53646855,43.85265822],[141.53650679,43.85266663],[141.53651635,43.85267084],[141.53651635,43.85267925],[141.53647811,43.85274654],[141.53646855,43.85275495],[141.53648767,43.85276336],[141.53649723,43.85276336],[141.53650679,43.85275916],[141.53653547,43.85270448],[141.53654503,43.85268766],[141.53655459,43.85268345],[141.536698,43.85272551],[141.53673624,43.85273392],[141.53676492,43.85273813],[141.53677448,43.85274233],[141.53677448,43.85275074],[141.53677448,43.85275916],[141.53671712,43.85285588],[141.53670756,43.85287691],[141.53670756,43.85288112],[141.53672668,43.85288532],[141.53627734,43.85372224],[141.53576108,43.85388626],[141.53575151,43.85386523],[141.53557943,43.8539199],[141.53565591,43.85405028],[141.53634426,43.85383158],[141.53634426,43.85382738],[141.53634426,43.85381897],[141.53634426,43.85381056],[141.53636338,43.85376009],[141.53636338,43.85374747],[141.53681272,43.85291056],[141.53681272,43.85290635],[141.53680316,43.85290215],[141.53680316,43.85289794],[141.53680316,43.85289373],[141.5367936,43.85289373],[141.5367936,43.85288953],[141.53682229,43.85283486],[141.53712822,43.85225869],[141.53733855,43.85183392],[141.5382946,43.85212832],[141.53893515,43.85235542],[141.53969998,43.85268766],[141.54025449,43.85291056],[141.54034053,43.85295682],[141.54059866,43.85303673],[141.54106713,43.85320074],[141.54139218,43.8533185],[141.54166943,43.85343626],[141.54190845,43.85353719],[141.5426924,43.85390728],[141.5429601,43.85404607],[141.54352416,43.85434887],[141.54384922,43.85456336],[141.54403087,43.85469794],[141.54410735,43.85478205],[141.54439416,43.85511009],[141.54451845,43.85529093],[141.54488175,43.85582504],[141.54499647,43.85598906],[141.54501559,43.85603111],[141.54519724,43.85630868],[141.54539801,43.8566199],[141.54560834,43.85697737],[141.54567526,43.85711195],[141.54571351,43.85723392],[141.54573263,43.85734747],[141.54573263,43.8574484],[141.54571351,43.85758719],[141.54568482,43.85773859],[141.54560834,43.85818859],[141.54558922,43.85828952],[141.54559878,43.85831055],[141.54558922,43.85833158],[141.54558922,43.85833578],[141.54558922,43.85835681],[141.54558922,43.85840307],[141.54558922,43.85844934],[141.54559878,43.85847036],[141.54558922,43.8584956],[141.54558922,43.85854186],[141.54557966,43.85860915],[141.54557966,43.85863018],[141.54556054,43.85869326],[141.54556054,43.85878578],[141.54555098,43.85883625],[141.54554142,43.85891616],[141.54553186,43.8589498],[141.54553186,43.85897924],[141.54553186,43.85905074],[141.54554142,43.85913905],[141.54556054,43.85921475],[141.54557966,43.85927784],[141.54559878,43.85934933],[141.54562746,43.85942083],[141.54564658,43.85947971],[141.5456657,43.85951756],[141.54568482,43.85958905],[141.54571351,43.85964793],[141.54576131,43.85971522],[141.54579955,43.85977831],[141.54583779,43.85984139],[141.54586647,43.85990027],[141.54592384,43.85995915],[141.54606724,43.8600769],[141.54613417,43.86013578],[141.54615329,43.86019045],[141.54618197,43.86021989],[141.54621065,43.86023672],[141.54623933,43.86026195],[141.54626801,43.86027457],[141.54629669,43.86029559],[141.54632538,43.86031662],[141.5463445,43.86033765],[141.54645922,43.86041756],[141.5464879,43.86044279],[141.54654527,43.86048064],[141.54661219,43.86051429],[141.54664087,43.8605227],[141.54667911,43.86053952],[141.54670779,43.86054793],[141.54673647,43.86056055],[141.54677472,43.86056475],[141.5468034,43.86057737],[141.54683208,43.86057737],[141.54692768,43.8606026],[141.54699461,43.86062784],[141.54702329,43.86064466],[141.54705197,43.86064886],[141.54708065,43.8606741],[141.54711889,43.86068251],[141.54713801,43.86069933],[141.54723362,43.86074559],[141.54727186,43.8607498],[141.5473101,43.86076662],[141.54733878,43.86077083],[141.54736746,43.86079606],[141.54739615,43.86080027],[141.54742483,43.86082129],[141.54746307,43.86083391],[141.54749175,43.86085494],[141.54755867,43.86088858],[141.54758735,43.86089279],[141.54761604,43.86090961],[141.54765428,43.86091802],[141.54768296,43.86091802],[141.54771164,43.86092643],[141.54774988,43.86093064],[141.547769,43.86092223],[141.54780725,43.86093485],[141.54783593,43.86092643],[141.54787417,43.86093485],[141.54790285,43.86093905],[141.54793153,43.86093064],[141.54796977,43.86094746],[141.54799845,43.86095587],[141.54802714,43.86095587],[141.54806538,43.8609769],[141.54809406,43.86098952],[141.54812274,43.86098952],[141.54815142,43.86101055],[141.54831395,43.86106522],[141.54834263,43.86108204],[141.54837131,43.86109466],[141.54850516,43.86116195],[141.54853384,43.86116615],[141.54856252,43.86118718],[141.5485912,43.86119139],[141.54862944,43.86121242],[141.54865813,43.86121662],[141.54867725,43.86122503],[141.54882065,43.86126288],[141.5489067,43.86129653],[141.54894494,43.86129653],[141.54898318,43.86132176],[141.54906923,43.86134699],[141.54916483,43.86136802],[141.54922219,43.86138064],[141.54925087,43.86137643],[141.54927956,43.86138485],[141.54928912,43.86139326],[141.54932736,43.86139746],[141.54938472,43.86140167],[141.54944208,43.86141008],[141.54947076,43.86141008],[141.54950901,43.86140587],[141.54954725,43.86141008],[141.54958549,43.86140587],[141.54961417,43.86140167],[141.54965241,43.86140167],[141.54968109,43.86140167],[141.54970978,43.86139326],[141.54973846,43.86139326],[141.54979582,43.86138064],[141.54983406,43.86138485],[141.54986274,43.86137643],[141.54989142,43.86136382],[141.54995835,43.86135541],[141.54998703,43.86134279],[141.54999659,43.86134279],[141.55001571,43.86134279],[141.55008263,43.86133438],[141.55011131,43.86132597],[141.55013044,43.86133017],[141.55019736,43.86132176],[141.55022604,43.86131335],[141.5502834,43.86130914],[141.55031208,43.86130494],[141.55034077,43.86129653],[141.55036945,43.86129653],[141.55043637,43.86128391],[141.55045549,43.8612755],[141.55048417,43.8612755],[141.55052241,43.86127129],[141.5505511,43.86125868],[141.55057022,43.86125868],[141.55070406,43.86122924],[141.55073274,43.86120821],[141.55077099,43.86120821],[141.55079967,43.8611998],[141.55082835,43.86118298],[141.55086659,43.86117877],[141.55089527,43.86116615],[141.55092395,43.86114513],[141.55096219,43.86113251],[141.55102912,43.86109466],[141.55107692,43.86108625],[141.55120121,43.86108625],[141.55137329,43.86105681],[141.55153582,43.86103157],[141.55159318,43.86103157],[141.55166011,43.86101475],[141.55180351,43.86095587],[141.55182264,43.86095587],[141.55186088,43.86093905],[141.55187044,43.86093064],[141.55188,43.86090541],[141.55188956,43.86089279],[141.55200428,43.86085494],[141.5520234,43.86085073],[141.55204253,43.86085494],[141.55219549,43.86081709],[141.55221461,43.86080027],[141.5522433,43.86079186],[141.55227198,43.86078344],[141.5523389,43.86076662],[141.55236758,43.8607498],[141.55239626,43.86074559],[141.55249187,43.86069092],[141.55251099,43.86066569],[141.55253967,43.86064886],[141.55258747,43.8606026],[141.55261615,43.86058158],[141.55265439,43.86055214],[141.55275,43.86050167],[141.55277868,43.86049746],[141.55283604,43.86046802],[141.55286472,43.86045541],[141.55290297,43.86043858],[141.55291253,43.86041335],[141.55295077,43.86039232],[141.55297945,43.86035027],[141.55299857,43.86032503],[141.55302725,43.86027877],[141.55308462,43.86023672],[141.5531133,43.86021148],[141.55314198,43.86019045],[141.55353396,43.85981616],[141.55356264,43.85976569],[141.55358176,43.85972784],[141.55356264,43.85968999],[141.55349571,43.85960588],[141.55364868,43.85940821],[141.55404066,43.85912644],[141.55445176,43.85879419],[141.55452824,43.8587227],[141.55470989,43.85853345],[141.55506363,43.85833158],[141.55507319,43.85832737],[141.55563726,43.85811289],[141.55623956,43.85793205],[141.55668891,43.85782691],[141.55721473,43.85779326],[141.55750154,43.85780588],[141.55796045,43.8578942],[141.5583333,43.85799513],[141.55856275,43.85805401],[141.55908858,43.85826429],[141.55925111,43.85833158],[141.56072342,43.85897504],[141.56175595,43.859547],[141.5621288,43.85976569],[141.56231045,43.85994232],[141.56254946,43.86017784],[141.56278847,43.86047644],[141.56333342,43.86118718],[141.56358199,43.86182643],[141.5637254,43.86223438],[141.56379232,43.86250774],[141.56384012,43.86275167],[141.56384968,43.86308811],[141.56376364,43.86346241],[141.56379232,43.86392082],[141.5637732,43.86409746],[141.56371584,43.86426989],[141.56371584,43.86454746],[141.5637732,43.86477456],[141.56412694,43.86542643],[141.56417474,43.86549792],[141.56477705,43.86638531],[141.56498738,43.86666708],[141.56498738,43.86667549],[141.56535068,43.86696147],[141.56571397,43.86715914],[141.56635452,43.86746615],[141.56667002,43.86760073],[141.56697595,43.86773951],[141.56781727,43.86813904],[141.56820925,43.86831988],[141.56890716,43.86857222],[141.569672,43.86871521],[141.57230112,43.86862269],[141.57272178,43.86859325],[141.57294168,43.86854278],[141.5734197,43.86827362],[141.5735631,43.86816428],[141.57415585,43.86811801],[141.57499717,43.86808857],[141.57517882,43.86808437],[141.57554212,43.8681054],[141.57591498,43.86816428],[141.57612531,43.86821895],[141.57635476,43.86829465],[141.5764886,43.86835353],[141.57865883,43.86958577],[141.57869707,43.86972455],[141.57877355,43.86981708],[141.57897432,43.8699811],[141.57940454,43.87027969],[141.57968179,43.87052782],[141.58015982,43.87087268],[141.58060916,43.87127222],[141.58143136,43.87197035],[141.58165125,43.87218063],[141.58167993,43.87218904],[141.58200498,43.87250446],[141.58216751,43.87263904],[141.5823874,43.87299231],[141.58258817,43.87332876],[141.58266466,43.87350539],[141.5827507,43.8737367],[141.58276982,43.87391754],[141.5827507,43.87406053],[141.5827029,43.87422034],[141.58263597,43.87475866],[141.58258817,43.87492268],[141.58259773,43.87499838],[141.58259773,43.8750867],[141.5827029,43.8752423],[141.58292279,43.87563763],[141.58297059,43.87572174],[141.58305663,43.87581847],[141.5832096,43.87593202],[141.58327652,43.87600352],[141.58333389,43.87607501],[141.58341037,43.87617595],[141.58363026,43.87643249],[141.58364938,43.87645352],[141.58367806,43.87647455],[141.58374499,43.87650398],[141.58400312,43.87662174],[141.58406048,43.87669324],[141.58417521,43.87677314],[141.58430905,43.87679417],[141.58476796,43.87772361],[141.5849018,43.87795912],[141.58505477,43.87819043],[141.58500697,43.87829137],[141.58500697,43.87841333],[141.58509301,43.87856894],[141.58527466,43.87875819],[141.58565708,43.87907361],[141.58629763,43.87968763],[141.58658444,43.88008295],[141.58668961,43.88031426],[141.58672785,43.88037734],[141.58683301,43.88053295],[141.58720587,43.88092828],[141.58760741,43.88128155],[141.5878273,43.88156753],[141.58798027,43.88183248],[141.58805675,43.88193762],[141.58826708,43.88211426],[141.58837225,43.88216893],[141.5886973,43.88228248],[141.58920401,43.88242547],[141.58954818,43.88250958],[141.58991148,43.88256846],[141.59047555,43.88264416],[141.59099181,43.88268622],[141.59142203,43.88271566],[141.5916706,43.88272828],[141.59183313,43.88273669],[141.5923972,43.88287547],[141.59277961,43.88298482],[141.59316203,43.88313201],[141.59353489,43.88330024],[141.59360181,43.88333388],[141.59422324,43.88362827],[141.5945005,43.88374183],[141.59470127,43.8837965],[141.59502632,43.88385958],[141.5954183,43.88391005],[141.59600149,43.8839479],[141.59644127,43.88399837],[141.5967472,43.88405725],[141.59693841,43.88411192],[141.59722522,43.88422547],[141.59740687,43.8843264],[141.59755984,43.88445678],[141.59770325,43.884625],[141.59790402,43.88491519],[141.59807611,43.88527687],[141.59819083,43.88563014],[141.59824819,43.88588248],[141.59830556,43.88634509],[141.59838204,43.88650911],[141.59853501,43.88669416],[141.59892699,43.88704743],[141.59947193,43.88748902],[141.59959622,43.88755631],[141.59999776,43.88802313],[141.60022721,43.88828388],[141.60028457,43.88856145],[141.60052358,43.88910817],[141.60067655,43.88936892],[141.60089644,43.8897264],[141.60123105,43.89011752],[141.60140314,43.89035724],[141.60165171,43.89083668],[141.60180468,43.89105116],[141.60206281,43.89134135],[141.60230183,43.89157266],[141.60241655,43.89166518],[141.60256952,43.89178714],[141.60201501,43.89208574],[141.60081995,43.89271658],[141.60069567,43.89343153],[141.60077215,43.89344836],[141.60089644,43.89275443],[141.60205325,43.8921278],[141.60262688,43.89277125],[141.60255996,43.8928049],[141.60307622,43.89338527],[141.60215842,43.89382686],[141.60143182,43.89308667],[141.60125974,43.893074059999996],[141.60125018,43.89314555],[141.60139358,43.89314976],[141.6021393,43.89391518],[141.60312402,43.89344415],[141.60311446,43.8934105],[141.60338216,43.89334742],[141.60338216,43.89339368],[141.60336304,43.89346518],[141.60334391,43.89347359],[141.60321963,43.89348621],[141.60313358,43.89350303],[141.60306666,43.89353667],[141.6030571,43.89357452],[141.60308578,43.89360817],[141.60327699,43.89375536],[141.60350644,43.89373854],[141.60355424,43.893932],[141.6033726,43.893932],[141.60347776,43.89436938],[141.60364029,43.89473527],[141.60379326,43.89497499],[141.60409919,43.89539975],[141.60430952,43.89564368],[141.60440512,43.89576985],[141.60462502,43.89620723],[141.6047971,43.89660256],[141.60486403,43.89683807],[141.60498831,43.89726284],[141.60521776,43.89796517],[141.6055715,43.89891984],[141.60592524,43.89957592],[141.60597304,43.89973152],[141.60597304,43.89990395],[141.60596348,43.90000068],[141.60592524,43.90021517],[141.6059348,43.90032031],[141.60596348,43.90041704],[141.60611645,43.9006862],[141.60650842,43.90118246],[141.60730194,43.90201096],[141.60729238,43.90204461],[141.6073115,43.90210769],[141.60748359,43.90232218],[141.607627,43.90254087],[141.60780865,43.90300769],[141.60783733,43.90303713],[141.60789469,43.90312124],[141.60792337,43.90311283],[141.60833447,43.90296143],[141.60837271,43.90294881],[141.60862128,43.90291937],[141.60893678,43.90288573],[141.60907063,43.90287732],[141.60919491,43.90283526],[141.60928096,43.90270489],[141.60940524,43.9025619],[141.60950085,43.90244414],[141.60967293,43.90238947],[141.60988326,43.90236844],[141.61002667,43.9024147],[141.61013184,43.90252404],[141.6102848,43.90259133],[141.61038041,43.90260395],[141.61063854,43.90253666],[141.61086799,43.90245255],[141.61126953,43.90245255],[141.61145118,43.90243993],[141.61167107,43.90240208],[141.61208217,43.902339],[141.61225426,43.90232638],[141.61247415,43.90236844],[141.6126558,43.90236423],[141.61297129,43.90224227],[141.61317206,43.90216236],[141.61335371,43.90210769],[141.61359272,43.90203199],[141.61375525,43.90202778],[141.61401338,43.90204461],[141.61431931,43.90207825],[141.61447228,43.90209087],[141.61474953,43.90203199],[141.61611668,43.90149788],[141.61627921,43.90142218],[141.6164991,43.90127498],[141.61667119,43.90110255],[141.61671899,43.90105629],[141.61684327,43.90099321],[141.6170536,43.90094274],[141.61725437,43.90095536],[141.61742646,43.90095536],[141.61765591,43.90090909],[141.61780888,43.90079554],[141.61785668,43.90070722],[141.6179236,43.90059788],[141.61809569,43.90047592],[141.61839207,43.90035816],[141.61845899,43.90022779],[141.61850679,43.90005956],[141.61854503,43.90000068],[141.61857372,43.89995442],[141.61871712,43.89990395],[141.61898481,43.89987452],[141.61933855,43.89984928],[141.61951064,43.89980302],[141.61965405,43.89968947],[141.61963493,43.89958433],[141.619568,43.89945816],[141.61963493,43.89932779],[141.61974965,43.8992647],[141.61987394,43.8992605],[141.62032328,43.89938667],[141.62051449,43.89938246],[141.62082042,43.89934461],[141.62104987,43.89927311],[141.62112636,43.89929835],[141.62124108,43.89936984],[141.62154702,43.8994161],[141.62212064,43.89948339],[141.62231185,43.89946657],[141.62253174,43.8994161],[141.62274207,43.89932779],[141.62286636,43.89932779],[141.6229524,43.89936143],[141.62319141,43.89945816],[141.62338262,43.89947919],[141.62357383,43.89944554],[141.623679,43.89939087],[141.62381284,43.89928153],[141.62398493,43.89923106],[141.62444383,43.89924788],[141.62455856,43.89924368],[141.62473065,43.89922265],[141.62499834,43.89912171],[141.62517043,43.89905442],[141.6253712,43.89895769],[141.6258779,43.89868854],[141.6262412,43.89848246],[141.62653757,43.89830583],[141.62668098,43.89814601],[141.62685307,43.89796097],[141.62730241,43.89736798],[141.62755098,43.89712405],[141.62817241,43.89682966],[141.62864087,43.89654368],[141.62918582,43.89615256],[141.62939615,43.89598433],[141.62959692,43.89587078],[141.62964472,43.89585817],[141.63000802,43.89567312],[141.63037131,43.89549648],[141.63068681,43.89510957],[141.63082066,43.89482779],[141.63097362,43.89466377],[141.63134648,43.89432733],[141.63138472,43.89430209],[141.63156637,43.89419695],[141.63170978,43.89405396],[141.63180538,43.89386471],[141.63210176,43.89330957],[141.63214,43.89314135],[141.63224516,43.89294789],[141.63232165,43.89285116],[141.63246505,43.89271238],[141.63251286,43.89268294],[141.63251286,43.89267032],[141.63262758,43.89255256],[141.63279967,43.89238854],[141.63297176,43.89223294],[141.63333505,43.89197219],[141.63343066,43.89174088],[141.63347846,43.89166518],[141.63352626,43.89158948],[141.63366011,43.8914549],[141.63391824,43.8913077],[141.63411901,43.89119836],[141.63417637,43.8911521],[141.63430066,43.89098387],[141.63449187,43.89087873],[141.63475,43.89073995],[141.63494121,43.89060537],[141.63502725,43.89050443],[141.63504638,43.89046658],[141.63527583,43.89026892],[141.63553396,43.89016799],[141.63575385,43.89008808],[141.63605978,43.89005023],[141.63654737,43.89004182],[141.63670033,43.89006705],[141.63714011,43.8902521],[141.63748429,43.89032359],[141.63764682,43.89035303],[141.63802924,43.89031939],[141.63867935,43.89030257],[141.63939638,43.89018481],[141.63955891,43.89015537],[141.63970232,43.89006285],[141.63974056,43.89003761],[141.63989352,43.88990724],[141.64003693,43.88973481],[141.64024726,43.88947406],[141.64071572,43.88884322],[141.64091649,43.888675],[141.64103122,43.88855724],[141.64122243,43.88840584],[141.64159529,43.88819976],[141.64166221,43.88811145],[141.64168133,43.88809042],[141.64182474,43.88783808],[141.64189166,43.88771191],[141.64236968,43.88693808],[141.64279034,43.88617687],[141.6427999,43.88597079],[141.64269474,43.88491939],[141.64272342,43.88475538],[141.6427999,43.88459556],[141.6427999,43.88459136],[141.64286683,43.88449463],[141.64336397,43.88418762],[141.64368902,43.88399837],[141.64388023,43.88389743],[141.6444443,43.88363669],[141.6448076,43.88353996],[141.64537166,43.88340538],[141.64547683,43.88338435],[141.64571584,43.88333388],[141.64601221,43.883275],[141.6460887,43.8832708],[141.64625123,43.88326239],[141.64642331,43.88321613],[141.64652848,43.88314884],[141.64666233,43.8830479],[141.64675793,43.88290491],[141.64678661,43.88282921],[141.6469109,43.88261052],[141.64703518,43.88244229],[141.64708298,43.88232874],[141.64708298,43.88221099],[141.6470543,43.88191239],[141.64707342,43.88165585],[141.64715947,43.88150445],[141.64725507,43.88142033],[141.64798167,43.88083996],[141.64832584,43.88062968],[141.64845969,43.88051613],[141.64890903,43.88006613],[141.64925321,43.87990211],[141.64998936,43.87956566],[141.64999892,43.87955725],[141.65008497,43.87950678],[141.65018057,43.87949837],[141.65088805,43.87956146],[141.65150947,43.87961613],[141.65165288,43.87961613],[141.65170068,43.87949417],[141.65182497,43.87932174],[141.65192057,43.87918295],[141.65233167,43.87886753],[141.65245596,43.87872034],[141.65268541,43.87840912],[141.65313475,43.87797595],[141.65328772,43.87781613],[141.65344069,43.87769417],[141.65357453,43.87762688],[141.65375618,43.8775638],[141.6542342,43.87744604],[141.65495124,43.87721894],[141.65529541,43.87710959],[141.65566827,43.8769666],[141.65595508,43.87683202],[141.65614629,43.87667641],[141.65652871,43.87632735],[141.656653,43.87620959],[141.65692069,43.87610025],[141.65718838,43.87599931],[141.65763772,43.87581847],[141.65773333,43.87578483],[141.65803926,43.87572595],[141.65833564,43.87568389],[141.65890926,43.87560399],[141.65902399,43.87559137],[141.65937773,43.87562922],[141.66004696,43.87570913],[141.66035289,43.87574698],[141.6605441,43.87575959],[141.66060146,43.87573436],[141.66077355,43.87558716],[141.66097432,43.875318],[141.66122289,43.87518343],[141.66151927,43.87499838],[141.6618252,43.87480492],[141.66219806,43.87449371],[141.66237015,43.87432969],[141.66243707,43.87422455],[141.66254224,43.87400165],[141.66256136,43.8738166],[141.66267608,43.87335399],[141.66266652,43.8729839],[141.66271432,43.87265165],[141.66252312,43.87229418],[141.66249443,43.87218063],[141.66245619,43.87204184],[141.66246575,43.87184838],[141.66249443,43.87175586],[141.66252312,43.87155399],[141.66253268,43.87084745],[141.66252312,43.8705867],[141.66251356,43.87052362],[141.6625518,43.87008203],[141.66258048,43.86982128],[141.66256136,43.86928297],[141.6625996,43.86914418],[141.66266652,43.86903904],[141.66274301,43.86891287],[141.66298202,43.8687068],[141.66302982,43.86865633],[141.66317323,43.86843343],[141.66322103,43.868261],[141.66324015,43.86804231],[141.66326883,43.86779418],[141.66329751,43.86767643],[141.66352696,43.86737783],[141.66382334,43.86716334],[141.66398587,43.86702876],[141.66407191,43.86688998],[141.66409103,43.86674278],[141.66406235,43.86666708],[141.66405279,43.86663764],[141.66390938,43.86641475],[141.66385202,43.86624652],[141.66384246,43.86614559],[141.66389982,43.86594372],[141.66401455,43.86551054],[141.66411971,43.86514045],[141.66412927,43.86492596],[141.66412927,43.86477877],[141.66414839,43.86476194],[141.66425356,43.86445493],[141.664244,43.86429512],[141.66420576,43.86413531],[141.66415795,43.86403437],[141.66404323,43.86385774],[141.6638329,43.86367269],[141.66374685,43.8636012],[141.66356521,43.8635255],[141.663374,43.86347924],[141.66316367,43.86343297],[141.66259004,43.86338671],[141.66231279,43.86332783],[141.6620929,43.86323952],[141.66195905,43.86311335],[141.66186344,43.86297036],[141.66173916,43.86276428],[141.66174872,43.86244886],[141.66175828,43.86223858],[141.66175828,43.86201148],[141.66172004,43.86181382],[141.66172004,43.86167503],[141.66169136,43.86160774],[141.66169136,43.86134279],[141.66174872,43.86116195],[141.66181564,43.86091382],[141.66189213,43.86062784],[141.66189213,43.86060681],[141.66217894,43.85987503],[141.66226498,43.85958485],[141.66231279,43.85939139],[141.66235103,43.85901709],[141.66236059,43.85891195],[141.66235103,43.858647],[141.66229367,43.85833158],[141.6622841,43.85829793],[141.66220762,43.85805401],[141.6621885,43.85781008],[141.66227454,43.85753251],[141.66236059,43.85733485],[141.66237971,43.85721289],[141.66238927,43.85701943],[141.66232235,43.85674186],[141.66227454,43.85650214],[141.66221718,43.85635074],[141.66213114,43.85614887],[141.66193993,43.8558671],[141.66180608,43.85566523],[141.66172004,43.85551803],[141.66167224,43.85529513],[141.66165311,43.85514373],[141.66169136,43.85488719],[141.66178696,43.8546727],[141.66199729,43.85451289],[141.66227454,43.8543657],[141.66250399,43.85426897],[141.66278125,43.85416383],[141.66330707,43.85418065],[141.66403367,43.85425635],[141.66485587,43.85428579],[141.66508532,43.8542942],[141.66508532,43.85428999],[141.66527653,43.85426056],[141.66549642,43.85413439],[141.66570675,43.85399981],[141.66596488,43.85384841],[141.66627081,43.85371803],[141.66651939,43.85362551],[141.66666279,43.85358345],[141.66687312,43.85352458],[141.6672173,43.8534699],[141.66741807,43.85339],[141.66776224,43.85315869],[141.66800126,43.85302411],[141.6681829,43.85299046],[141.66841235,43.85297364],[141.66865137,43.85296102],[141.66892862,43.85288532],[141.6693684,43.85270028],[141.66943532,43.85263719],[141.66955961,43.85249841],[141.66970302,43.85233439],[141.6698273,43.85218719],[141.67001851,43.85203159],[141.67017148,43.85191383],[141.67020972,43.85159841],[141.67029576,43.85147224],[141.6705539,43.85116103],[141.67066862,43.85100962],[141.67067818,43.85062271],[141.67063994,43.85018112],[141.67062082,43.85000028],[141.6706017,43.84982365],[141.67051565,43.84967224],[141.67044873,43.84950402],[141.67039137,43.84928533],[141.67038181,43.84917178],[141.67040093,43.8490414],[141.67043917,43.84891103],[141.67063038,43.84872178],[141.67126137,43.84825075],[141.67149082,43.84808673],[141.67171071,43.84785963],[141.671835,43.84775028],[141.67200708,43.84764935],[141.67216961,43.84757365],[141.67259027,43.84742225],[141.67281972,43.84727505],[141.67301093,43.84713627],[141.67327863,43.84687972],[141.67368972,43.84649701],[141.67382357,43.84635823],[141.67389049,43.84622365],[141.67392874,43.84612272],[141.67396698,43.84579047],[141.67409126,43.84546664],[141.67429203,43.84485683],[141.67440676,43.84460029],[141.67445456,43.84451197],[141.67499951,43.84375076],[141.67513335,43.8435615],[141.67527676,43.84332178],[141.67535324,43.84322085],[141.67555401,43.84299795],[141.67557313,43.84289281],[141.67557313,43.84252693],[141.67550621,43.8420601],[141.67548709,43.84188347],[141.67548709,43.84170263],[141.67549665,43.84166478],[141.67550621,43.84162693],[141.67564006,43.84155123],[141.67579302,43.84147553],[141.67611808,43.84139982],[141.67629017,43.84135356],[141.67660566,43.84120216],[141.67667259,43.84111384],[141.67676819,43.84097926],[141.67689248,43.84080263],[141.67704544,43.84067226],[141.67715061,43.84056291],[141.67739918,43.84044936],[141.67781984,43.84028113],[141.6781927,43.84011712],[141.67863248,43.83986057],[141.67890973,43.83973861],[141.67914874,43.83964188],[141.67929215,43.8395073],[141.67977973,43.83888487],[141.68019083,43.83849375],[141.68035336,43.83829609],[141.68046809,43.83825403],[141.6808027,43.8381531],[141.6812616,43.83801431],[141.68141457,43.83795544],[141.68160578,43.83783347],[141.6817205,43.83764002],[141.68194996,43.83728675],[141.68205512,43.8372489],[141.68223677,43.83723628],[141.68292512,43.83720263],[141.68329798,43.83718161],[141.68333622,43.8371774],[141.68353699,43.83716058],[141.6836804,43.83713114],[141.68375688,43.8371059],[141.68384293,43.83701759],[141.68389073,43.83688301],[141.68395765,43.83676525],[141.68460776,43.83570544],[141.6849137,43.83480965],[141.68513359,43.83438067],[141.6853248,43.83415357],[141.68555425,43.83397273],[141.68586018,43.83374563],[141.68617568,43.83347226],[141.68630952,43.83333348],[141.68644337,43.8331989],[141.68652941,43.83296759],[141.68654853,43.83279937],[141.68651029,43.83254283],[141.68630952,43.83234516],[141.68594622,43.83212647],[141.6858315,43.83186152],[141.68566897,43.83095311],[141.68588886,43.8303433],[141.6859271,43.82988068],[141.6859271,43.8293718],[141.68606095,43.82903115],[141.68621392,43.82870311],[141.68663458,43.82844657],[141.6875237,43.82813956],[141.68799216,43.82797975],[141.68886216,43.827719],[141.68942623,43.82744564],[141.68964612,43.82725638],[141.69030579,43.82680218],[141.69043008,43.8266676],[141.69064041,43.8262891],[141.69114711,43.82594844],[141.6914148,43.82577181],[141.69166338,43.82553629],[141.6918259,43.8253891],[141.69230393,43.82522087],[141.69365195,43.8250148],[141.69387184,43.82499798],[141.69393876,43.82499377],[141.69396744,43.82499798],[141.69430206,43.82504844],[141.69459843,43.82507368],[141.69485657,43.82506106],[141.6950669,43.82500218],[141.6950669,43.82499798],[141.69519118,43.8249391],[141.69528679,43.82482134],[141.69536327,43.82450172],[141.69537283,43.82431667],[141.69532503,43.8238162],[141.69510514,43.82345031],[141.6950669,43.82339985],[141.69472272,43.82301293],[141.69451239,43.82270592],[141.69449327,43.822462],[141.6947514,43.82213817],[141.69502865,43.82189424],[141.69527723,43.82157882],[141.69533459,43.82130966],[141.69525811,43.82088069],[141.69520074,43.82060733],[141.6951147,43.82031714],[141.6947992,43.81996808],[141.69435942,43.8196821],[141.69395788,43.81956013],[141.69385272,43.81934985],[141.69380492,43.81913116],[141.69390052,43.81874425],[141.69391008,43.81805453],[141.69381448,43.81751621],[141.69353722,43.81721761],[141.69326953,43.81693584],[141.69320261,43.81674238],[141.69317393,43.81666668],[141.6930592,43.81633444],[141.69314525,43.8160106],[141.69345118,43.81561948],[141.6935181,43.81553537],[141.69379536,43.81515687],[141.69391964,43.81476154],[141.69467492,43.81214145],[141.69474184,43.81126669],[141.69457931,43.81077463],[141.69462712,43.81031201],[141.69488525,43.80973585],[141.69510514,43.80927323],[141.6955258,43.80889473],[141.69617591,43.80833538],[141.69720844,43.80743118],[141.69757174,43.80711576],[141.69827921,43.8061695],[141.69850866,43.80585408],[141.69850866,43.80553445],[141.69828877,43.80513912],[141.69806888,43.80484053],[141.69761954,43.80438632],[141.69723712,43.80389847],[141.69703635,43.80359987],[141.69711283,43.803398],[141.69779163,43.80286389],[141.69821229,43.80261156],[141.69838437,43.80222044],[141.69868075,43.80168632],[141.69893888,43.80138773],[141.69954119,43.80084941],[141.6993213,43.80032371],[141.69925437,43.79999988],[141.69923525,43.79991156],[141.69921613,43.79987792],[141.69897712,43.79940689],[141.69867119,43.79895268],[141.69825053,43.79852371],[141.69802108,43.798141],[141.69802108,43.79780876],[141.69834613,43.7973167],[141.69857558,43.79695923],[141.69887196,43.79621063]]]]}}]}